input,n,unique_points,algorithm,median_ms,q1_ms,q3_ms,hull_vertices,same_vertices_as_other
uniform,100,100,quickhull,0.27131251408718526,0.27000048430636525,0.2738332550507039,34,True
uniform,100,100,ograham,0.28793749515898526,0.28733299404848367,0.2891042677219957,34,True
uniform,500,500,quickhull,1.4077919768169522,1.3756977423327044,1.5073639951879159,58,True
uniform,500,500,ograham,1.3049585104454309,1.3032504939474165,1.310270992689766,58,True
uniform,1000,1000,quickhull,2.204604010330513,2.199093491071835,2.21759379201103,47,True
uniform,1000,1000,ograham,2.3531040060333908,2.2772599913878366,2.4512602540198714,47,True
uniform,2000,2000,quickhull,3.7934170104563236,3.7764997250633314,3.8143962592585012,50,True
uniform,2000,2000,ograham,4.594020487274975,4.502884985413402,4.77361524826847,50,True
uniform,5000,4998,quickhull,9.139270463492721,9.023438004078344,9.555197480949573,46,True
uniform,5000,4998,ograham,11.661750002531335,11.501927743665874,11.848645255668089,46,True
uniform,10000,9997,quickhull,22.451478987932205,22.049728970159777,23.18738549365662,71,False
uniform,10000,9997,ograham,25.841708527877927,25.470510008744895,26.905895996605977,69,False
circle,100,100,quickhull,0.6489584920927882,0.6338640232570469,0.6555307772941887,200,True
circle,100,100,ograham,0.32122948323376477,0.3148755058646202,0.3243225219193846,200,True
circle,500,489,quickhull,9.015312505653128,8.958864767919295,9.107989244512282,883,False
circle,500,489,ograham,1.425750000635162,1.4161452709231526,1.435905956896022,880,False
circle,1000,963,quickhull,31.207458494463935,31.111801756196655,31.427082751179114,1662,False
circle,1000,963,ograham,2.802333503495902,2.7858537214342505,2.935843513114378,1656,False
circle,2000,1841,quickhull,101.70631250366569,101.23245824070182,104.04435427335557,2943,False
circle,2000,1841,ograham,5.538811994483694,5.518156525795348,5.589833453996107,2928,False
circle,5000,4179,quickhull,404.633187019499,401.40452078776434,409.1430002299603,5327,False
circle,5000,4179,ograham,12.72624998819083,12.61371877626516,13.00015598826576,5228,False
circle,10000,7028,quickhull,918.9274164964445,897.4332499929005,953.4125832578866,7397,False
circle,10000,7028,ograham,22.779062477638945,22.609749721596017,23.131843292503618,7238,False
