filename,difficulty,source_dataset,source_split,original_image_path,original_label_path,image_path,label_path,sha256,vehicle_instances,car,truck,bus,motorcycle,review_notes
train01_00040_jpg.rf.28497dd584d3942abe59723712c0e2f4.jpg,easy,vietnam_traffic,train,/Users/levienbang/Desktop/DACS/yolo11/Vietnam Traffic Vehicle Detectio.v1i.yolov11/train/images/train01_00040_jpg.rf.28497dd584d3942abe59723712c0e2f4.jpg,/Users/levienbang/Desktop/DACS/yolo11/Vietnam Traffic Vehicle Detectio.v1i.yolov11/train/labels/train01_00040_jpg.rf.28497dd584d3942abe59723712c0e2f4.txt,images/train01_00040_jpg.rf.28497dd584d3942abe59723712c0e2f4.jpg,labels/train01_00040_jpg.rf.28497dd584d3942abe59723712c0e2f4.txt,479fddd1b8058c1c3ac725c4e05fa4141bedd19e206b2a577387f85f70658cdd,6,1,3,0,2,Đa số xe chính có thân/hình dạng rõ và ít che nhau; không dùng số lượng xe làm tiêu chí dễ. Có thể có xe nền nhỏ hoặc cắt mép nhẹ.; visual review extra_sheets index 3
train02_00151_jpg.rf.d1cabb1a05537b04a9b71fd665282b61.jpg,easy,vietnam_traffic,train,/Users/levienbang/Desktop/DACS/yolo11/Vietnam Traffic Vehicle Detectio.v1i.yolov11/train/images/train02_00151_jpg.rf.d1cabb1a05537b04a9b71fd665282b61.jpg,/Users/levienbang/Desktop/DACS/yolo11/Vietnam Traffic Vehicle Detectio.v1i.yolov11/train/labels/train02_00151_jpg.rf.d1cabb1a05537b04a9b71fd665282b61.txt,images/train02_00151_jpg.rf.d1cabb1a05537b04a9b71fd665282b61.jpg,labels/train02_00151_jpg.rf.d1cabb1a05537b04a9b71fd665282b61.txt,6571b59721da1b92085bba5192e203a5bf157391027e2eff39d9d89be3532280,8,3,2,0,3,Đa số xe chính có thân/hình dạng rõ và ít che nhau; không dùng số lượng xe làm tiêu chí dễ. Có thể có xe nền nhỏ hoặc cắt mép nhẹ.; visual review provisional_sheets index 2
train02_00157_jpg.rf.a865e9fa1bf56dbdff9dc06d006aac27.jpg,easy,vietnam_traffic,train,/Users/levienbang/Desktop/DACS/yolo11/Vietnam Traffic Vehicle Detectio.v1i.yolov11/train/images/train02_00157_jpg.rf.a865e9fa1bf56dbdff9dc06d006aac27.jpg,/Users/levienbang/Desktop/DACS/yolo11/Vietnam Traffic Vehicle Detectio.v1i.yolov11/train/labels/train02_00157_jpg.rf.a865e9fa1bf56dbdff9dc06d006aac27.txt,images/train02_00157_jpg.rf.a865e9fa1bf56dbdff9dc06d006aac27.jpg,labels/train02_00157_jpg.rf.a865e9fa1bf56dbdff9dc06d006aac27.txt,028cced7f571ea8688d7feba2381f09cc3b85b2ae16e2c653c930d1a62a0691d,13,2,2,0,9,Đa số xe chính có thân/hình dạng rõ và ít che nhau; không dùng số lượng xe làm tiêu chí dễ. Có thể có xe nền nhỏ hoặc cắt mép nhẹ.; visual review provisional_sheets index 3
train07_00000_jpg.rf.3eaf863ae7f7e3f3b4fab349e991b297.jpg,easy,vietnam_traffic,train,/Users/levienbang/Desktop/DACS/yolo11/Vietnam Traffic Vehicle Detectio.v1i.yolov11/train/images/train07_00000_jpg.rf.3eaf863ae7f7e3f3b4fab349e991b297.jpg,/Users/levienbang/Desktop/DACS/yolo11/Vietnam Traffic Vehicle Detectio.v1i.yolov11/train/labels/train07_00000_jpg.rf.3eaf863ae7f7e3f3b4fab349e991b297.txt,images/train07_00000_jpg.rf.3eaf863ae7f7e3f3b4fab349e991b297.jpg,labels/train07_00000_jpg.rf.3eaf863ae7f7e3f3b4fab349e991b297.txt,a00167044d0a75727427fdd7c24d6fa064ffce11eb9be93cd6091113551cebfc,10,0,1,0,9,Đa số xe chính có thân/hình dạng rõ và ít che nhau; không dùng số lượng xe làm tiêu chí dễ. Có thể có xe nền nhỏ hoặc cắt mép nhẹ.; visual review extra_sheets index 9
train02_00227_jpg.rf.c2e0296b5099726a974935b20005ffa3.jpg,easy,vietnam_traffic,train,/Users/levienbang/Desktop/DACS/yolo11/Vietnam Traffic Vehicle Detectio.v1i.yolov11/train/images/train02_00227_jpg.rf.c2e0296b5099726a974935b20005ffa3.jpg,/Users/levienbang/Desktop/DACS/yolo11/Vietnam Traffic Vehicle Detectio.v1i.yolov11/train/labels/train02_00227_jpg.rf.c2e0296b5099726a974935b20005ffa3.txt,images/train02_00227_jpg.rf.c2e0296b5099726a974935b20005ffa3.jpg,labels/train02_00227_jpg.rf.c2e0296b5099726a974935b20005ffa3.txt,9df3204dab0f4cb88be2d8a73cdc9dad752e4e7cb9ee9b6cc8b685a08adaf02a,10,4,1,1,4,Đa số xe chính có thân/hình dạng rõ và ít che nhau; không dùng số lượng xe làm tiêu chí dễ. Có thể có xe nền nhỏ hoặc cắt mép nhẹ.; visual review provisional_sheets index 5
train02_00282_jpg.rf.6f26bffe3a46fa9826d04a9c9fe52f6d.jpg,easy,vietnam_traffic,train,/Users/levienbang/Desktop/DACS/yolo11/Vietnam Traffic Vehicle Detectio.v1i.yolov11/train/images/train02_00282_jpg.rf.6f26bffe3a46fa9826d04a9c9fe52f6d.jpg,/Users/levienbang/Desktop/DACS/yolo11/Vietnam Traffic Vehicle Detectio.v1i.yolov11/train/labels/train02_00282_jpg.rf.6f26bffe3a46fa9826d04a9c9fe52f6d.txt,images/train02_00282_jpg.rf.6f26bffe3a46fa9826d04a9c9fe52f6d.jpg,labels/train02_00282_jpg.rf.6f26bffe3a46fa9826d04a9c9fe52f6d.txt,736bd041064c409de145cd432b839a21c97c00ee6eea349be83674e622986b8d,6,1,3,0,2,Đa số xe chính có thân/hình dạng rõ và ít che nhau; không dùng số lượng xe làm tiêu chí dễ. Có thể có xe nền nhỏ hoặc cắt mép nhẹ.; visual review provisional_sheets index 7
train02_00103_jpg.rf.5673a185cf8e4d82c9c1f25871cf8aaa.jpg,easy,vietnam_traffic,train,/Users/levienbang/Desktop/DACS/yolo11/Vietnam Traffic Vehicle Detectio.v1i.yolov11/train/images/train02_00103_jpg.rf.5673a185cf8e4d82c9c1f25871cf8aaa.jpg,/Users/levienbang/Desktop/DACS/yolo11/Vietnam Traffic Vehicle Detectio.v1i.yolov11/train/labels/train02_00103_jpg.rf.5673a185cf8e4d82c9c1f25871cf8aaa.txt,images/train02_00103_jpg.rf.5673a185cf8e4d82c9c1f25871cf8aaa.jpg,labels/train02_00103_jpg.rf.5673a185cf8e4d82c9c1f25871cf8aaa.txt,c1f6df5991dac5dff17be61c64a5e5915cd96818de4b37065a3629d8dbf60e07,5,1,2,0,2,Đa số xe chính có thân/hình dạng rõ và ít che nhau; không dùng số lượng xe làm tiêu chí dễ. Có thể có xe nền nhỏ hoặc cắt mép nhẹ.; visual review provisional_sheets index 9
train02_00252_jpg.rf.e5051c9de5ebb684d743b519b6d61ad4.jpg,easy,vietnam_traffic,train,/Users/levienbang/Desktop/DACS/yolo11/Vietnam Traffic Vehicle Detectio.v1i.yolov11/train/images/train02_00252_jpg.rf.e5051c9de5ebb684d743b519b6d61ad4.jpg,/Users/levienbang/Desktop/DACS/yolo11/Vietnam Traffic Vehicle Detectio.v1i.yolov11/train/labels/train02_00252_jpg.rf.e5051c9de5ebb684d743b519b6d61ad4.txt,images/train02_00252_jpg.rf.e5051c9de5ebb684d743b519b6d61ad4.jpg,labels/train02_00252_jpg.rf.e5051c9de5ebb684d743b519b6d61ad4.txt,ce1c8e74e62b3a560703e66f1de2f52ccb41d57db8fe1290db787a36641f6073,6,2,4,0,0,Đa số xe chính có thân/hình dạng rõ và ít che nhau; không dùng số lượng xe làm tiêu chí dễ. Có thể có xe nền nhỏ hoặc cắt mép nhẹ.; visual review provisional_sheets index 13
val01_00040_jpg.rf.6198d3ba3dd71893c8fbe0bb64166b93.jpg,easy,vietnam_traffic,valid,/Users/levienbang/Desktop/DACS/yolo11/Vietnam Traffic Vehicle Detectio.v1i.yolov11/valid/images/val01_00040_jpg.rf.6198d3ba3dd71893c8fbe0bb64166b93.jpg,/Users/levienbang/Desktop/DACS/yolo11/Vietnam Traffic Vehicle Detectio.v1i.yolov11/valid/labels/val01_00040_jpg.rf.6198d3ba3dd71893c8fbe0bb64166b93.txt,images/val01_00040_jpg.rf.6198d3ba3dd71893c8fbe0bb64166b93.jpg,labels/val01_00040_jpg.rf.6198d3ba3dd71893c8fbe0bb64166b93.txt,2176007c5c7df8e92399611e9954fb27f2f933117dddbab8195d51d64c4478e7,6,0,3,0,3,Đa số xe chính có thân/hình dạng rõ và ít che nhau; không dùng số lượng xe làm tiêu chí dễ. Có thể có xe nền nhỏ hoặc cắt mép nhẹ.; visual review provisional_sheets index 15
train01_00161_jpg.rf.6acb32a233a0ba5c3cb3d89dc11dcba8.jpg,easy,vietnam_traffic,train,/Users/levienbang/Desktop/DACS/yolo11/Vietnam Traffic Vehicle Detectio.v1i.yolov11/train/images/train01_00161_jpg.rf.6acb32a233a0ba5c3cb3d89dc11dcba8.jpg,/Users/levienbang/Desktop/DACS/yolo11/Vietnam Traffic Vehicle Detectio.v1i.yolov11/train/labels/train01_00161_jpg.rf.6acb32a233a0ba5c3cb3d89dc11dcba8.txt,images/train01_00161_jpg.rf.6acb32a233a0ba5c3cb3d89dc11dcba8.jpg,labels/train01_00161_jpg.rf.6acb32a233a0ba5c3cb3d89dc11dcba8.txt,ecbb34877ef4fba073648ddc8fd6dc3f5eade80a2caec25288b25837e15b67ee,6,4,2,0,0,Đa số xe chính có thân/hình dạng rõ và ít che nhau; không dùng số lượng xe làm tiêu chí dễ. Có thể có xe nền nhỏ hoặc cắt mép nhẹ.; visual review provisional_sheets index 16
train02_00028_jpg.rf.76e6f0a1ffefb73fdbd9a01972d2728d.jpg,easy,vietnam_traffic,train,/Users/levienbang/Desktop/DACS/yolo11/Vietnam Traffic Vehicle Detectio.v1i.yolov11/train/images/train02_00028_jpg.rf.76e6f0a1ffefb73fdbd9a01972d2728d.jpg,/Users/levienbang/Desktop/DACS/yolo11/Vietnam Traffic Vehicle Detectio.v1i.yolov11/train/labels/train02_00028_jpg.rf.76e6f0a1ffefb73fdbd9a01972d2728d.txt,images/train02_00028_jpg.rf.76e6f0a1ffefb73fdbd9a01972d2728d.jpg,labels/train02_00028_jpg.rf.76e6f0a1ffefb73fdbd9a01972d2728d.txt,bc724958de1478da901c326bbc7a2a6e4f0444aa7bbd4f03864035467c085315,3,2,1,0,0,Đa số xe chính có thân/hình dạng rõ và ít che nhau; không dùng số lượng xe làm tiêu chí dễ. Có thể có xe nền nhỏ hoặc cắt mép nhẹ.; visual review provisional_sheets index 20
train02_00062_jpg.rf.e353e68728d4c2954c0ada4f308c75ca.jpg,easy,vietnam_traffic,train,/Users/levienbang/Desktop/DACS/yolo11/Vietnam Traffic Vehicle Detectio.v1i.yolov11/train/images/train02_00062_jpg.rf.e353e68728d4c2954c0ada4f308c75ca.jpg,/Users/levienbang/Desktop/DACS/yolo11/Vietnam Traffic Vehicle Detectio.v1i.yolov11/train/labels/train02_00062_jpg.rf.e353e68728d4c2954c0ada4f308c75ca.txt,images/train02_00062_jpg.rf.e353e68728d4c2954c0ada4f308c75ca.jpg,labels/train02_00062_jpg.rf.e353e68728d4c2954c0ada4f308c75ca.txt,71f1573a246ad348fbbf9e1bef8cc6a1f7488450e1df1f3a9dacdfc0407840b1,3,3,0,0,0,Đa số xe chính có thân/hình dạng rõ và ít che nhau; không dùng số lượng xe làm tiêu chí dễ. Có thể có xe nền nhỏ hoặc cắt mép nhẹ.; visual review provisional_sheets index 21
train02_00218_jpg.rf.b887b476cf9c3501cb36cbff6f366155.jpg,easy,vietnam_traffic,train,/Users/levienbang/Desktop/DACS/yolo11/Vietnam Traffic Vehicle Detectio.v1i.yolov11/train/images/train02_00218_jpg.rf.b887b476cf9c3501cb36cbff6f366155.jpg,/Users/levienbang/Desktop/DACS/yolo11/Vietnam Traffic Vehicle Detectio.v1i.yolov11/train/labels/train02_00218_jpg.rf.b887b476cf9c3501cb36cbff6f366155.txt,images/train02_00218_jpg.rf.b887b476cf9c3501cb36cbff6f366155.jpg,labels/train02_00218_jpg.rf.b887b476cf9c3501cb36cbff6f366155.txt,2413ae6792fbf478ffe761356ed91b5db37fd885f5b9f75d0b6f6d295d1aa82d,4,1,3,0,0,Đa số xe chính có thân/hình dạng rõ và ít che nhau; không dùng số lượng xe làm tiêu chí dễ. Có thể có xe nền nhỏ hoặc cắt mép nhẹ.; visual review provisional_sheets index 24
train01_00096_jpg.rf.10d074e826ed8e73076770d68ea793da.jpg,easy,vietnam_traffic,train,/Users/levienbang/Desktop/DACS/yolo11/Vietnam Traffic Vehicle Detectio.v1i.yolov11/train/images/train01_00096_jpg.rf.10d074e826ed8e73076770d68ea793da.jpg,/Users/levienbang/Desktop/DACS/yolo11/Vietnam Traffic Vehicle Detectio.v1i.yolov11/train/labels/train01_00096_jpg.rf.10d074e826ed8e73076770d68ea793da.txt,images/train01_00096_jpg.rf.10d074e826ed8e73076770d68ea793da.jpg,labels/train01_00096_jpg.rf.10d074e826ed8e73076770d68ea793da.txt,de10a3eeadacc89f29c63056a773f258fcb38939f569163504eddd37930ba5b9,3,1,0,0,2,Đa số xe chính có thân/hình dạng rõ và ít che nhau; không dùng số lượng xe làm tiêu chí dễ. Có thể có xe nền nhỏ hoặc cắt mép nhẹ.; visual review provisional_sheets index 25
val01_00116_jpg.rf.77055bbc30a9feb161d99f756d5b5ffc.jpg,easy,vietnam_traffic,valid,/Users/levienbang/Desktop/DACS/yolo11/Vietnam Traffic Vehicle Detectio.v1i.yolov11/valid/images/val01_00116_jpg.rf.77055bbc30a9feb161d99f756d5b5ffc.jpg,/Users/levienbang/Desktop/DACS/yolo11/Vietnam Traffic Vehicle Detectio.v1i.yolov11/valid/labels/val01_00116_jpg.rf.77055bbc30a9feb161d99f756d5b5ffc.txt,images/val01_00116_jpg.rf.77055bbc30a9feb161d99f756d5b5ffc.jpg,labels/val01_00116_jpg.rf.77055bbc30a9feb161d99f756d5b5ffc.txt,36659ee13d685dc3cb4ebecad952f683893b256df10e3f90361822bb906c3a3a,4,0,1,0,3,Đa số xe chính có thân/hình dạng rõ và ít che nhau; không dùng số lượng xe làm tiêu chí dễ. Có thể có xe nền nhỏ hoặc cắt mép nhẹ.; visual review provisional_sheets index 26
train01_00191_jpg.rf.b47c62de8eb76609a3610b4977062719.jpg,easy,vietnam_traffic,train,/Users/levienbang/Desktop/DACS/yolo11/Vietnam Traffic Vehicle Detectio.v1i.yolov11/train/images/train01_00191_jpg.rf.b47c62de8eb76609a3610b4977062719.jpg,/Users/levienbang/Desktop/DACS/yolo11/Vietnam Traffic Vehicle Detectio.v1i.yolov11/train/labels/train01_00191_jpg.rf.b47c62de8eb76609a3610b4977062719.txt,images/train01_00191_jpg.rf.b47c62de8eb76609a3610b4977062719.jpg,labels/train01_00191_jpg.rf.b47c62de8eb76609a3610b4977062719.txt,2b0f2ef7dc5bd24f0188c96caf49ad2ea9390f4f441de60008a7f01884bfac88,2,2,0,0,0,Đa số xe chính có thân/hình dạng rõ và ít che nhau; không dùng số lượng xe làm tiêu chí dễ. Có thể có xe nền nhỏ hoặc cắt mép nhẹ. Cảnh đêm nhưng thân xe chính vẫn phân biệt được.; visual review provisional_sheets index 27
train01_00273_jpg.rf.24c6292b7950cb4a23f1941d0031e20a.jpg,easy,vietnam_traffic,train,/Users/levienbang/Desktop/DACS/yolo11/Vietnam Traffic Vehicle Detectio.v1i.yolov11/train/images/train01_00273_jpg.rf.24c6292b7950cb4a23f1941d0031e20a.jpg,/Users/levienbang/Desktop/DACS/yolo11/Vietnam Traffic Vehicle Detectio.v1i.yolov11/train/labels/train01_00273_jpg.rf.24c6292b7950cb4a23f1941d0031e20a.txt,images/train01_00273_jpg.rf.24c6292b7950cb4a23f1941d0031e20a.jpg,labels/train01_00273_jpg.rf.24c6292b7950cb4a23f1941d0031e20a.txt,7f8e270822c3e7c33b6acdb7807d6b1ac3cda163f6a600e01e5a82c648ce0cfe,2,1,1,0,0,Đa số xe chính có thân/hình dạng rõ và ít che nhau; không dùng số lượng xe làm tiêu chí dễ. Có thể có xe nền nhỏ hoặc cắt mép nhẹ.; visual review provisional_sheets index 30
train01_00083_jpg.rf.a82e32a3f6369711970032a6765d9585.jpg,easy,vietnam_traffic,train,/Users/levienbang/Desktop/DACS/yolo11/Vietnam Traffic Vehicle Detectio.v1i.yolov11/train/images/train01_00083_jpg.rf.a82e32a3f6369711970032a6765d9585.jpg,/Users/levienbang/Desktop/DACS/yolo11/Vietnam Traffic Vehicle Detectio.v1i.yolov11/train/labels/train01_00083_jpg.rf.a82e32a3f6369711970032a6765d9585.txt,images/train01_00083_jpg.rf.a82e32a3f6369711970032a6765d9585.jpg,labels/train01_00083_jpg.rf.a82e32a3f6369711970032a6765d9585.txt,1be95c3dcdd50a6203a93ce15032ce0141ca7ca256f32ab93fd4d9ad3b352658,3,2,1,0,0,Đa số xe chính có thân/hình dạng rõ và ít che nhau; không dùng số lượng xe làm tiêu chí dễ. Có thể có xe nền nhỏ hoặc cắt mép nhẹ.; visual review provisional_sheets index 32
train02_00204_jpg.rf.7699fa0167b8149fd47ae1a0de1041a3.jpg,easy,vietnam_traffic,train,/Users/levienbang/Desktop/DACS/yolo11/Vietnam Traffic Vehicle Detectio.v1i.yolov11/train/images/train02_00204_jpg.rf.7699fa0167b8149fd47ae1a0de1041a3.jpg,/Users/levienbang/Desktop/DACS/yolo11/Vietnam Traffic Vehicle Detectio.v1i.yolov11/train/labels/train02_00204_jpg.rf.7699fa0167b8149fd47ae1a0de1041a3.txt,images/train02_00204_jpg.rf.7699fa0167b8149fd47ae1a0de1041a3.jpg,labels/train02_00204_jpg.rf.7699fa0167b8149fd47ae1a0de1041a3.txt,c72a6055906f759cd9a6066e72ab861923c1ab04670df22d6e83268ece1f90dd,6,1,5,0,0,Đa số xe chính có thân/hình dạng rõ và ít che nhau; không dùng số lượng xe làm tiêu chí dễ. Có thể có xe nền nhỏ hoặc cắt mép nhẹ.; visual review provisional_sheets index 36
train01_00028_jpg.rf.a57014880c003da28b0413ecb133f783.jpg,easy,vietnam_traffic,train,/Users/levienbang/Desktop/DACS/yolo11/Vietnam Traffic Vehicle Detectio.v1i.yolov11/train/images/train01_00028_jpg.rf.a57014880c003da28b0413ecb133f783.jpg,/Users/levienbang/Desktop/DACS/yolo11/Vietnam Traffic Vehicle Detectio.v1i.yolov11/train/labels/train01_00028_jpg.rf.a57014880c003da28b0413ecb133f783.txt,images/train01_00028_jpg.rf.a57014880c003da28b0413ecb133f783.jpg,labels/train01_00028_jpg.rf.a57014880c003da28b0413ecb133f783.txt,b02f026e6c1ce2914b8e3e8167d5babd7dab4c564d826e7c2eebfaff5de0b236,2,0,0,0,2,Đa số xe chính có thân/hình dạng rõ và ít che nhau; không dùng số lượng xe làm tiêu chí dễ. Có thể có xe nền nhỏ hoặc cắt mép nhẹ.; visual review provisional_sheets index 37
train01_00066_jpg.rf.e620ee09f6db603e915d88b52759925d.jpg,easy,vietnam_traffic,train,/Users/levienbang/Desktop/DACS/yolo11/Vietnam Traffic Vehicle Detectio.v1i.yolov11/train/images/train01_00066_jpg.rf.e620ee09f6db603e915d88b52759925d.jpg,/Users/levienbang/Desktop/DACS/yolo11/Vietnam Traffic Vehicle Detectio.v1i.yolov11/train/labels/train01_00066_jpg.rf.e620ee09f6db603e915d88b52759925d.txt,images/train01_00066_jpg.rf.e620ee09f6db603e915d88b52759925d.jpg,labels/train01_00066_jpg.rf.e620ee09f6db603e915d88b52759925d.txt,ebc866250212eadcf2ef6b10bc110f5faafc658d3869db6b77698d9c9ae6e6b6,2,0,0,0,2,Đa số xe chính có thân/hình dạng rõ và ít che nhau; không dùng số lượng xe làm tiêu chí dễ. Có thể có xe nền nhỏ hoặc cắt mép nhẹ.; visual review provisional_sheets index 39
val01_00017_jpg.rf.4730dc33e846ec96fdeb67c27780af22.jpg,easy,vietnam_traffic,valid,/Users/levienbang/Desktop/DACS/yolo11/Vietnam Traffic Vehicle Detectio.v1i.yolov11/valid/images/val01_00017_jpg.rf.4730dc33e846ec96fdeb67c27780af22.jpg,/Users/levienbang/Desktop/DACS/yolo11/Vietnam Traffic Vehicle Detectio.v1i.yolov11/valid/labels/val01_00017_jpg.rf.4730dc33e846ec96fdeb67c27780af22.txt,images/val01_00017_jpg.rf.4730dc33e846ec96fdeb67c27780af22.jpg,labels/val01_00017_jpg.rf.4730dc33e846ec96fdeb67c27780af22.txt,0ed3965310367c8488da8c42895063520e92a3905a4552aa78695519db86e53a,1,1,0,0,0,Đa số xe chính có thân/hình dạng rõ và ít che nhau; không dùng số lượng xe làm tiêu chí dễ. Có thể có xe nền nhỏ hoặc cắt mép nhẹ.; visual review provisional_sheets index 40
train01_00127_jpg.rf.8aa33628d6d4c18fc7440e335701a5ac.jpg,easy,vietnam_traffic,train,/Users/levienbang/Desktop/DACS/yolo11/Vietnam Traffic Vehicle Detectio.v1i.yolov11/train/images/train01_00127_jpg.rf.8aa33628d6d4c18fc7440e335701a5ac.jpg,/Users/levienbang/Desktop/DACS/yolo11/Vietnam Traffic Vehicle Detectio.v1i.yolov11/train/labels/train01_00127_jpg.rf.8aa33628d6d4c18fc7440e335701a5ac.txt,images/train01_00127_jpg.rf.8aa33628d6d4c18fc7440e335701a5ac.jpg,labels/train01_00127_jpg.rf.8aa33628d6d4c18fc7440e335701a5ac.txt,82d1e1db0f2698853a4efc33f17fb19f6f4d4520b4eb5beda5f40dc74faf09f2,1,1,0,0,0,Đa số xe chính có thân/hình dạng rõ và ít che nhau; không dùng số lượng xe làm tiêu chí dễ. Có thể có xe nền nhỏ hoặc cắt mép nhẹ.; visual review provisional_sheets index 42
val01_00126_jpg.rf.0e83a213a5e2da451159135376f1900c.jpg,easy,vietnam_traffic,valid,/Users/levienbang/Desktop/DACS/yolo11/Vietnam Traffic Vehicle Detectio.v1i.yolov11/valid/images/val01_00126_jpg.rf.0e83a213a5e2da451159135376f1900c.jpg,/Users/levienbang/Desktop/DACS/yolo11/Vietnam Traffic Vehicle Detectio.v1i.yolov11/valid/labels/val01_00126_jpg.rf.0e83a213a5e2da451159135376f1900c.txt,images/val01_00126_jpg.rf.0e83a213a5e2da451159135376f1900c.jpg,labels/val01_00126_jpg.rf.0e83a213a5e2da451159135376f1900c.txt,06407097b820d39184756d07480836f642ae8ded27979a1504885414153c93ca,1,0,1,0,0,Đa số xe chính có thân/hình dạng rõ và ít che nhau; không dùng số lượng xe làm tiêu chí dễ. Có thể có xe nền nhỏ hoặc cắt mép nhẹ. Có cắt mép ở một xe.; visual review provisional_sheets index 43
train01_00054_jpg.rf.0d5160ad18e51f47cf49e03dcb22a096.jpg,easy,vietnam_traffic,train,/Users/levienbang/Desktop/DACS/yolo11/Vietnam Traffic Vehicle Detectio.v1i.yolov11/train/images/train01_00054_jpg.rf.0d5160ad18e51f47cf49e03dcb22a096.jpg,/Users/levienbang/Desktop/DACS/yolo11/Vietnam Traffic Vehicle Detectio.v1i.yolov11/train/labels/train01_00054_jpg.rf.0d5160ad18e51f47cf49e03dcb22a096.txt,images/train01_00054_jpg.rf.0d5160ad18e51f47cf49e03dcb22a096.jpg,labels/train01_00054_jpg.rf.0d5160ad18e51f47cf49e03dcb22a096.txt,a830f03c1f544a28f3137c1cdbab39dbf6fb47be9b9a046981e3e5751547f633,1,0,0,1,0,Đa số xe chính có thân/hình dạng rõ và ít che nhau; không dùng số lượng xe làm tiêu chí dễ. Có thể có xe nền nhỏ hoặc cắt mép nhẹ.; visual review provisional_sheets index 44
train01_00169_jpg.rf.d5912be41f892d57b0041e993625c7b7.jpg,easy,vietnam_traffic,train,/Users/levienbang/Desktop/DACS/yolo11/Vietnam Traffic Vehicle Detectio.v1i.yolov11/train/images/train01_00169_jpg.rf.d5912be41f892d57b0041e993625c7b7.jpg,/Users/levienbang/Desktop/DACS/yolo11/Vietnam Traffic Vehicle Detectio.v1i.yolov11/train/labels/train01_00169_jpg.rf.d5912be41f892d57b0041e993625c7b7.txt,images/train01_00169_jpg.rf.d5912be41f892d57b0041e993625c7b7.jpg,labels/train01_00169_jpg.rf.d5912be41f892d57b0041e993625c7b7.txt,637cb28ae3e959a969730dbef63ce945c5d71bc9b0632434b53cb893552117d5,1,1,0,0,0,Đa số xe chính có thân/hình dạng rõ và ít che nhau; không dùng số lượng xe làm tiêu chí dễ. Có thể có xe nền nhỏ hoặc cắt mép nhẹ.; visual review provisional_sheets index 45
train01_00268_jpg.rf.29d52d8ae7b61d80a7580e22788aa64c.jpg,easy,vietnam_traffic,train,/Users/levienbang/Desktop/DACS/yolo11/Vietnam Traffic Vehicle Detectio.v1i.yolov11/train/images/train01_00268_jpg.rf.29d52d8ae7b61d80a7580e22788aa64c.jpg,/Users/levienbang/Desktop/DACS/yolo11/Vietnam Traffic Vehicle Detectio.v1i.yolov11/train/labels/train01_00268_jpg.rf.29d52d8ae7b61d80a7580e22788aa64c.txt,images/train01_00268_jpg.rf.29d52d8ae7b61d80a7580e22788aa64c.jpg,labels/train01_00268_jpg.rf.29d52d8ae7b61d80a7580e22788aa64c.txt,a2fbf59c6d5f941b05eea777435ae8ed345e8188bc5e5a70e7a33ae226257702,1,1,0,0,0,Đa số xe chính có thân/hình dạng rõ và ít che nhau; không dùng số lượng xe làm tiêu chí dễ. Có thể có xe nền nhỏ hoặc cắt mép nhẹ. Có phản chiếu/mưa nhưng không che nhiều thân xe chính.; visual review provisional_sheets index 46
train02_00186_jpg.rf.4e0573439c704beb174162d97b27851e.jpg,easy,vietnam_traffic,train,/Users/levienbang/Desktop/DACS/yolo11/Vietnam Traffic Vehicle Detectio.v1i.yolov11/train/images/train02_00186_jpg.rf.4e0573439c704beb174162d97b27851e.jpg,/Users/levienbang/Desktop/DACS/yolo11/Vietnam Traffic Vehicle Detectio.v1i.yolov11/train/labels/train02_00186_jpg.rf.4e0573439c704beb174162d97b27851e.txt,images/train02_00186_jpg.rf.4e0573439c704beb174162d97b27851e.jpg,labels/train02_00186_jpg.rf.4e0573439c704beb174162d97b27851e.txt,21789ecc04d8c632dd83a96e5cb576fa253a6698cc6320ed1bcc4b4aaab3b723,1,1,0,0,0,Đa số xe chính có thân/hình dạng rõ và ít che nhau; không dùng số lượng xe làm tiêu chí dễ. Có thể có xe nền nhỏ hoặc cắt mép nhẹ. Có phản chiếu/mưa nhưng không che nhiều thân xe chính.; visual review provisional_sheets index 49
train02_00089_jpg.rf.7db303b20cbfdd34559f51989475450e.jpg,easy,vietnam_traffic,train,/Users/levienbang/Desktop/DACS/yolo11/Vietnam Traffic Vehicle Detectio.v1i.yolov11/train/images/train02_00089_jpg.rf.7db303b20cbfdd34559f51989475450e.jpg,/Users/levienbang/Desktop/DACS/yolo11/Vietnam Traffic Vehicle Detectio.v1i.yolov11/train/labels/train02_00089_jpg.rf.7db303b20cbfdd34559f51989475450e.txt,images/train02_00089_jpg.rf.7db303b20cbfdd34559f51989475450e.jpg,labels/train02_00089_jpg.rf.7db303b20cbfdd34559f51989475450e.txt,ecc479691774faeef47758fcb2f393bd807b3c709aed0877e9218e30a1503d78,1,0,0,1,0,Đa số xe chính có thân/hình dạng rõ và ít che nhau; không dùng số lượng xe làm tiêu chí dễ. Có thể có xe nền nhỏ hoặc cắt mép nhẹ.; visual review provisional_sheets index 50
train02_00098_jpg.rf.bed085d1f339ede552ae27c8c86998fb.jpg,easy,vietnam_traffic,train,/Users/levienbang/Desktop/DACS/yolo11/Vietnam Traffic Vehicle Detectio.v1i.yolov11/train/images/train02_00098_jpg.rf.bed085d1f339ede552ae27c8c86998fb.jpg,/Users/levienbang/Desktop/DACS/yolo11/Vietnam Traffic Vehicle Detectio.v1i.yolov11/train/labels/train02_00098_jpg.rf.bed085d1f339ede552ae27c8c86998fb.txt,images/train02_00098_jpg.rf.bed085d1f339ede552ae27c8c86998fb.jpg,labels/train02_00098_jpg.rf.bed085d1f339ede552ae27c8c86998fb.txt,c2f0adb815c8b0dcdccbf2ee2ad1162c251d603c057aecf165b1f37f78ffc43a,2,1,1,0,0,Đa số xe chính có thân/hình dạng rõ và ít che nhau; không dùng số lượng xe làm tiêu chí dễ. Có thể có xe nền nhỏ hoặc cắt mép nhẹ.; visual review provisional_sheets index 51
train01_00011_jpg.rf.503932e995c3f8e8c26cf07a965cdcc0.jpg,easy,vietnam_traffic,train,/Users/levienbang/Desktop/DACS/yolo11/Vietnam Traffic Vehicle Detectio.v1i.yolov11/train/images/train01_00011_jpg.rf.503932e995c3f8e8c26cf07a965cdcc0.jpg,/Users/levienbang/Desktop/DACS/yolo11/Vietnam Traffic Vehicle Detectio.v1i.yolov11/train/labels/train01_00011_jpg.rf.503932e995c3f8e8c26cf07a965cdcc0.txt,images/train01_00011_jpg.rf.503932e995c3f8e8c26cf07a965cdcc0.jpg,labels/train01_00011_jpg.rf.503932e995c3f8e8c26cf07a965cdcc0.txt,5d39ee08670c0b28ce58366fe0568e2e0afcf40ae96cb4ec59c52984355a77fa,1,0,1,0,0,Đa số xe chính có thân/hình dạng rõ và ít che nhau; không dùng số lượng xe làm tiêu chí dễ. Có thể có xe nền nhỏ hoặc cắt mép nhẹ.; visual review provisional_sheets index 52
train01_00111_jpg.rf.fe593a91f17141b102dbb8e96895997f.jpg,easy,vietnam_traffic,train,/Users/levienbang/Desktop/DACS/yolo11/Vietnam Traffic Vehicle Detectio.v1i.yolov11/train/images/train01_00111_jpg.rf.fe593a91f17141b102dbb8e96895997f.jpg,/Users/levienbang/Desktop/DACS/yolo11/Vietnam Traffic Vehicle Detectio.v1i.yolov11/train/labels/train01_00111_jpg.rf.fe593a91f17141b102dbb8e96895997f.txt,images/train01_00111_jpg.rf.fe593a91f17141b102dbb8e96895997f.jpg,labels/train01_00111_jpg.rf.fe593a91f17141b102dbb8e96895997f.txt,00ee9529dd9f8ca489f9ffd76021026507f6c7e5be146a5e7065c94ccbe0a311,1,0,1,0,0,Đa số xe chính có thân/hình dạng rõ và ít che nhau; không dùng số lượng xe làm tiêu chí dễ. Có thể có xe nền nhỏ hoặc cắt mép nhẹ.; visual review provisional_sheets index 53
train01_00284_jpg.rf.52d72e2e15cb7c6b7f150f93e65a7870.jpg,easy,vietnam_traffic,train,/Users/levienbang/Desktop/DACS/yolo11/Vietnam Traffic Vehicle Detectio.v1i.yolov11/train/images/train01_00284_jpg.rf.52d72e2e15cb7c6b7f150f93e65a7870.jpg,/Users/levienbang/Desktop/DACS/yolo11/Vietnam Traffic Vehicle Detectio.v1i.yolov11/train/labels/train01_00284_jpg.rf.52d72e2e15cb7c6b7f150f93e65a7870.txt,images/train01_00284_jpg.rf.52d72e2e15cb7c6b7f150f93e65a7870.jpg,labels/train01_00284_jpg.rf.52d72e2e15cb7c6b7f150f93e65a7870.txt,91ce590385ceaabae2e2caacf39357d995fca75d4892a06b68a6956fad5fd30b,1,0,1,0,0,Đa số xe chính có thân/hình dạng rõ và ít che nhau; không dùng số lượng xe làm tiêu chí dễ. Có thể có xe nền nhỏ hoặc cắt mép nhẹ. Có phản chiếu/mưa nhưng không che nhiều thân xe chính.; visual review provisional_sheets index 54
train01_00300_jpg.rf.ca122e95bb2ff7e8139207272905fb85.jpg,easy,vietnam_traffic,train,/Users/levienbang/Desktop/DACS/yolo11/Vietnam Traffic Vehicle Detectio.v1i.yolov11/train/images/train01_00300_jpg.rf.ca122e95bb2ff7e8139207272905fb85.jpg,/Users/levienbang/Desktop/DACS/yolo11/Vietnam Traffic Vehicle Detectio.v1i.yolov11/train/labels/train01_00300_jpg.rf.ca122e95bb2ff7e8139207272905fb85.txt,images/train01_00300_jpg.rf.ca122e95bb2ff7e8139207272905fb85.jpg,labels/train01_00300_jpg.rf.ca122e95bb2ff7e8139207272905fb85.txt,916499448cf4adddcfe99b4686ebb7e2324da2212353ae94894c641c3e25836e,1,0,1,0,0,Đa số xe chính có thân/hình dạng rõ và ít che nhau; không dùng số lượng xe làm tiêu chí dễ. Có thể có xe nền nhỏ hoặc cắt mép nhẹ. Có phản chiếu/mưa nhưng không che nhiều thân xe chính.; visual review provisional_sheets index 55
train01_00305_jpg.rf.bbd4a53a0c5dd29ddd532a3ac8bd13d9.jpg,easy,vietnam_traffic,train,/Users/levienbang/Desktop/DACS/yolo11/Vietnam Traffic Vehicle Detectio.v1i.yolov11/train/images/train01_00305_jpg.rf.bbd4a53a0c5dd29ddd532a3ac8bd13d9.jpg,/Users/levienbang/Desktop/DACS/yolo11/Vietnam Traffic Vehicle Detectio.v1i.yolov11/train/labels/train01_00305_jpg.rf.bbd4a53a0c5dd29ddd532a3ac8bd13d9.txt,images/train01_00305_jpg.rf.bbd4a53a0c5dd29ddd532a3ac8bd13d9.jpg,labels/train01_00305_jpg.rf.bbd4a53a0c5dd29ddd532a3ac8bd13d9.txt,e9cc89773cc68c4cf7b81d8906d7dc6d63dd033a71874298fc675fade934e293,1,0,1,0,0,Đa số xe chính có thân/hình dạng rõ và ít che nhau; không dùng số lượng xe làm tiêu chí dễ. Có thể có xe nền nhỏ hoặc cắt mép nhẹ.; visual review provisional_sheets index 56
train02_00262_jpg.rf.1717704b2b7f26d4ad7a1546effbf3b0.jpg,easy,vietnam_traffic,train,/Users/levienbang/Desktop/DACS/yolo11/Vietnam Traffic Vehicle Detectio.v1i.yolov11/train/images/train02_00262_jpg.rf.1717704b2b7f26d4ad7a1546effbf3b0.jpg,/Users/levienbang/Desktop/DACS/yolo11/Vietnam Traffic Vehicle Detectio.v1i.yolov11/train/labels/train02_00262_jpg.rf.1717704b2b7f26d4ad7a1546effbf3b0.txt,images/train02_00262_jpg.rf.1717704b2b7f26d4ad7a1546effbf3b0.jpg,labels/train02_00262_jpg.rf.1717704b2b7f26d4ad7a1546effbf3b0.txt,450114e20253addad8fdd481182155d90b8bcc057d591ce758c9963477fc4891,4,2,2,0,0,Đa số xe chính có thân/hình dạng rõ và ít che nhau; không dùng số lượng xe làm tiêu chí dễ. Có thể có xe nền nhỏ hoặc cắt mép nhẹ.; visual review extra_sheets index 20
train02_00180_jpg.rf.baa76d20c0449268cd51b428f3fce4e1.jpg,easy,vietnam_traffic,train,/Users/levienbang/Desktop/DACS/yolo11/Vietnam Traffic Vehicle Detectio.v1i.yolov11/train/images/train02_00180_jpg.rf.baa76d20c0449268cd51b428f3fce4e1.jpg,/Users/levienbang/Desktop/DACS/yolo11/Vietnam Traffic Vehicle Detectio.v1i.yolov11/train/labels/train02_00180_jpg.rf.baa76d20c0449268cd51b428f3fce4e1.txt,images/train02_00180_jpg.rf.baa76d20c0449268cd51b428f3fce4e1.jpg,labels/train02_00180_jpg.rf.baa76d20c0449268cd51b428f3fce4e1.txt,d879eaf4bac4556d7f64bce37b6973e8d5378030daf78465e78749cd4d6842a3,1,0,0,0,1,Đa số xe chính có thân/hình dạng rõ và ít che nhau; không dùng số lượng xe làm tiêu chí dễ. Có thể có xe nền nhỏ hoặc cắt mép nhẹ.; visual review provisional_sheets index 58
val01_00145_jpg.rf.1453f147a5587bcc7e6d6e231ad999c6.jpg,easy,vietnam_traffic,valid,/Users/levienbang/Desktop/DACS/yolo11/Vietnam Traffic Vehicle Detectio.v1i.yolov11/valid/images/val01_00145_jpg.rf.1453f147a5587bcc7e6d6e231ad999c6.jpg,/Users/levienbang/Desktop/DACS/yolo11/Vietnam Traffic Vehicle Detectio.v1i.yolov11/valid/labels/val01_00145_jpg.rf.1453f147a5587bcc7e6d6e231ad999c6.txt,images/val01_00145_jpg.rf.1453f147a5587bcc7e6d6e231ad999c6.jpg,labels/val01_00145_jpg.rf.1453f147a5587bcc7e6d6e231ad999c6.txt,fa2d05b0564c7723d27bc15cfe3d20bbed60db7984a0c778d67e89bab61d34cb,9,0,0,0,9,Đa số xe chính có thân/hình dạng rõ và ít che nhau; không dùng số lượng xe làm tiêu chí dễ. Có thể có xe nền nhỏ hoặc cắt mép nhẹ. Cảnh đêm nhưng thân xe chính vẫn phân biệt được.; visual review provisional_sheets index 59
train02_00329_jpg.rf.1a6eb86941d4c74c4eff5cfcc31299bc.jpg,easy,vietnam_traffic,train,/Users/levienbang/Desktop/DACS/yolo11/Vietnam Traffic Vehicle Detectio.v1i.yolov11/train/images/train02_00329_jpg.rf.1a6eb86941d4c74c4eff5cfcc31299bc.jpg,/Users/levienbang/Desktop/DACS/yolo11/Vietnam Traffic Vehicle Detectio.v1i.yolov11/train/labels/train02_00329_jpg.rf.1a6eb86941d4c74c4eff5cfcc31299bc.txt,images/train02_00329_jpg.rf.1a6eb86941d4c74c4eff5cfcc31299bc.jpg,labels/train02_00329_jpg.rf.1a6eb86941d4c74c4eff5cfcc31299bc.txt,00db809c77174a5353be0fee1c30bdcfcb1eeba45efc8842f1016f0c19f08131,3,1,1,1,0,Đa số xe chính có thân/hình dạng rõ và ít che nhau; không dùng số lượng xe làm tiêu chí dễ. Có thể có xe nền nhỏ hoặc cắt mép nhẹ.; visual review provisional_sheets index 61
val01_00048_jpg.rf.3d20b368962e12ed1b39413afe7039f3.jpg,easy,vietnam_traffic,valid,/Users/levienbang/Desktop/DACS/yolo11/Vietnam Traffic Vehicle Detectio.v1i.yolov11/valid/images/val01_00048_jpg.rf.3d20b368962e12ed1b39413afe7039f3.jpg,/Users/levienbang/Desktop/DACS/yolo11/Vietnam Traffic Vehicle Detectio.v1i.yolov11/valid/labels/val01_00048_jpg.rf.3d20b368962e12ed1b39413afe7039f3.txt,images/val01_00048_jpg.rf.3d20b368962e12ed1b39413afe7039f3.jpg,labels/val01_00048_jpg.rf.3d20b368962e12ed1b39413afe7039f3.txt,af1a7ec76de12382350537bb12e33c954333eadff8b575000853632686a552dc,10,0,3,0,7,Đa số xe chính có thân/hình dạng rõ và ít che nhau; không dùng số lượng xe làm tiêu chí dễ. Có thể có xe nền nhỏ hoặc cắt mép nhẹ.; visual review extra_sheets index 24
train02_00112_jpg.rf.4f850c34a7ccbaa0f8fab520cd0bc4da.jpg,easy,vietnam_traffic,train,/Users/levienbang/Desktop/DACS/yolo11/Vietnam Traffic Vehicle Detectio.v1i.yolov11/train/images/train02_00112_jpg.rf.4f850c34a7ccbaa0f8fab520cd0bc4da.jpg,/Users/levienbang/Desktop/DACS/yolo11/Vietnam Traffic Vehicle Detectio.v1i.yolov11/train/labels/train02_00112_jpg.rf.4f850c34a7ccbaa0f8fab520cd0bc4da.txt,images/train02_00112_jpg.rf.4f850c34a7ccbaa0f8fab520cd0bc4da.jpg,labels/train02_00112_jpg.rf.4f850c34a7ccbaa0f8fab520cd0bc4da.txt,ffa39ed3e0ee591cac2281787f5324c183f57c570af05b7db1626ba176236772,5,2,3,0,0,Đa số xe chính có thân/hình dạng rõ và ít che nhau; không dùng số lượng xe làm tiêu chí dễ. Có thể có xe nền nhỏ hoặc cắt mép nhẹ.; visual review provisional_sheets index 63
train02_00290_jpg.rf.d19e51bf04500fa0e304cd8be2da9050.jpg,easy,vietnam_traffic,train,/Users/levienbang/Desktop/DACS/yolo11/Vietnam Traffic Vehicle Detectio.v1i.yolov11/train/images/train02_00290_jpg.rf.d19e51bf04500fa0e304cd8be2da9050.jpg,/Users/levienbang/Desktop/DACS/yolo11/Vietnam Traffic Vehicle Detectio.v1i.yolov11/train/labels/train02_00290_jpg.rf.d19e51bf04500fa0e304cd8be2da9050.txt,images/train02_00290_jpg.rf.d19e51bf04500fa0e304cd8be2da9050.jpg,labels/train02_00290_jpg.rf.d19e51bf04500fa0e304cd8be2da9050.txt,0b1b53ea57b494a927794025ae893973a14de706ef4fb5e568604fd95bf79611,4,3,1,0,0,Đa số xe chính có thân/hình dạng rõ và ít che nhau; không dùng số lượng xe làm tiêu chí dễ. Có thể có xe nền nhỏ hoặc cắt mép nhẹ. Có cắt mép ở một xe.; visual review provisional_sheets index 65
train01_00221_jpg.rf.9a2f207aff31bb8a35ae127910610891.jpg,easy,vietnam_traffic,train,/Users/levienbang/Desktop/DACS/yolo11/Vietnam Traffic Vehicle Detectio.v1i.yolov11/train/images/train01_00221_jpg.rf.9a2f207aff31bb8a35ae127910610891.jpg,/Users/levienbang/Desktop/DACS/yolo11/Vietnam Traffic Vehicle Detectio.v1i.yolov11/train/labels/train01_00221_jpg.rf.9a2f207aff31bb8a35ae127910610891.txt,images/train01_00221_jpg.rf.9a2f207aff31bb8a35ae127910610891.jpg,labels/train01_00221_jpg.rf.9a2f207aff31bb8a35ae127910610891.txt,0a1550553755375518d7a85b272ae3e27fe73234fbad5938b305ea51c309d91c,5,2,0,0,3,Đa số xe chính có thân/hình dạng rõ và ít che nhau; không dùng số lượng xe làm tiêu chí dễ. Có thể có xe nền nhỏ hoặc cắt mép nhẹ.; visual review extra_sheets index 71
train01_00156_jpg.rf.f929f6214aabc4f107747202067be5a0.jpg,easy,vietnam_traffic,train,/Users/levienbang/Desktop/DACS/yolo11/Vietnam Traffic Vehicle Detectio.v1i.yolov11/train/images/train01_00156_jpg.rf.f929f6214aabc4f107747202067be5a0.jpg,/Users/levienbang/Desktop/DACS/yolo11/Vietnam Traffic Vehicle Detectio.v1i.yolov11/train/labels/train01_00156_jpg.rf.f929f6214aabc4f107747202067be5a0.txt,images/train01_00156_jpg.rf.f929f6214aabc4f107747202067be5a0.jpg,labels/train01_00156_jpg.rf.f929f6214aabc4f107747202067be5a0.txt,28bb2c9f0bc81913aba4f942603a77e79d21080f0285aa89513e234a1d0fba72,4,2,2,0,0,Đa số xe chính có thân/hình dạng rõ và ít che nhau; không dùng số lượng xe làm tiêu chí dễ. Có thể có xe nền nhỏ hoặc cắt mép nhẹ.; visual review provisional_sheets index 67
train01_00142_jpg.rf.223d6f86f5994b8ad09776c87126fd55.jpg,easy,vietnam_traffic,train,/Users/levienbang/Desktop/DACS/yolo11/Vietnam Traffic Vehicle Detectio.v1i.yolov11/train/images/train01_00142_jpg.rf.223d6f86f5994b8ad09776c87126fd55.jpg,/Users/levienbang/Desktop/DACS/yolo11/Vietnam Traffic Vehicle Detectio.v1i.yolov11/train/labels/train01_00142_jpg.rf.223d6f86f5994b8ad09776c87126fd55.txt,images/train01_00142_jpg.rf.223d6f86f5994b8ad09776c87126fd55.jpg,labels/train01_00142_jpg.rf.223d6f86f5994b8ad09776c87126fd55.txt,fe85bbcb5468fe307d7cd035a5f80f042c9dfa4f803176b0cee7c87416b0f4bd,4,1,1,1,1,Đa số xe chính có thân/hình dạng rõ và ít che nhau; không dùng số lượng xe làm tiêu chí dễ. Có thể có xe nền nhỏ hoặc cắt mép nhẹ.; visual review extra_sheets index 19
val01_00035_jpg.rf.484a4998a7250fdfea62f88fc12a0166.jpg,easy,vietnam_traffic,valid,/Users/levienbang/Desktop/DACS/yolo11/Vietnam Traffic Vehicle Detectio.v1i.yolov11/valid/images/val01_00035_jpg.rf.484a4998a7250fdfea62f88fc12a0166.jpg,/Users/levienbang/Desktop/DACS/yolo11/Vietnam Traffic Vehicle Detectio.v1i.yolov11/valid/labels/val01_00035_jpg.rf.484a4998a7250fdfea62f88fc12a0166.txt,images/val01_00035_jpg.rf.484a4998a7250fdfea62f88fc12a0166.jpg,labels/val01_00035_jpg.rf.484a4998a7250fdfea62f88fc12a0166.txt,eba27261c35557f51245cf10b9aecf7526c76572bc9cbf0413721899d661af43,6,0,3,0,3,Đa số xe chính có thân/hình dạng rõ và ít che nhau; không dùng số lượng xe làm tiêu chí dễ. Có thể có xe nền nhỏ hoặc cắt mép nhẹ.; visual review extra_sheets index 56
val01_00082_jpg.rf.722fad35a461466152556c6f7400e53c.jpg,easy,vietnam_traffic,valid,/Users/levienbang/Desktop/DACS/yolo11/Vietnam Traffic Vehicle Detectio.v1i.yolov11/valid/images/val01_00082_jpg.rf.722fad35a461466152556c6f7400e53c.jpg,/Users/levienbang/Desktop/DACS/yolo11/Vietnam Traffic Vehicle Detectio.v1i.yolov11/valid/labels/val01_00082_jpg.rf.722fad35a461466152556c6f7400e53c.txt,images/val01_00082_jpg.rf.722fad35a461466152556c6f7400e53c.jpg,labels/val01_00082_jpg.rf.722fad35a461466152556c6f7400e53c.txt,fc679106f1d8f7aa229a6fcbae936c312d328e186819fba43f892e892804964d,3,2,0,1,0,Đa số xe chính có thân/hình dạng rõ và ít che nhau; không dùng số lượng xe làm tiêu chí dễ. Có thể có xe nền nhỏ hoặc cắt mép nhẹ.; visual review provisional_sheets index 73
val01_00164_jpg.rf.28358c2409bf5d9d8a8f698f72ca43cd.jpg,easy,vietnam_traffic,valid,/Users/levienbang/Desktop/DACS/yolo11/Vietnam Traffic Vehicle Detectio.v1i.yolov11/valid/images/val01_00164_jpg.rf.28358c2409bf5d9d8a8f698f72ca43cd.jpg,/Users/levienbang/Desktop/DACS/yolo11/Vietnam Traffic Vehicle Detectio.v1i.yolov11/valid/labels/val01_00164_jpg.rf.28358c2409bf5d9d8a8f698f72ca43cd.txt,images/val01_00164_jpg.rf.28358c2409bf5d9d8a8f698f72ca43cd.jpg,labels/val01_00164_jpg.rf.28358c2409bf5d9d8a8f698f72ca43cd.txt,762be943ad90482e5776d10d81cfd1db8d171431607304c81e1f10c27a339d47,3,2,0,1,0,Đa số xe chính có thân/hình dạng rõ và ít che nhau; không dùng số lượng xe làm tiêu chí dễ. Có thể có xe nền nhỏ hoặc cắt mép nhẹ.; visual review provisional_sheets index 74
train02_00191_jpg.rf.1d5020aa2e8d8359d292e424de833240.jpg,easy,vietnam_traffic,train,/Users/levienbang/Desktop/DACS/yolo11/Vietnam Traffic Vehicle Detectio.v1i.yolov11/train/images/train02_00191_jpg.rf.1d5020aa2e8d8359d292e424de833240.jpg,/Users/levienbang/Desktop/DACS/yolo11/Vietnam Traffic Vehicle Detectio.v1i.yolov11/train/labels/train02_00191_jpg.rf.1d5020aa2e8d8359d292e424de833240.txt,images/train02_00191_jpg.rf.1d5020aa2e8d8359d292e424de833240.jpg,labels/train02_00191_jpg.rf.1d5020aa2e8d8359d292e424de833240.txt,0a7c6ebdada00bfe404f26586fd410d3c2f3a82fcc34481558bf8957ac668288,7,6,0,0,1,Đa số xe chính có thân/hình dạng rõ và ít che nhau; không dùng số lượng xe làm tiêu chí dễ. Có thể có xe nền nhỏ hoặc cắt mép nhẹ.; visual review provisional_sheets index 78
train01_00147_jpg.rf.c29f037d83dce2fac64ce113f47afab9.jpg,easy,vietnam_traffic,train,/Users/levienbang/Desktop/DACS/yolo11/Vietnam Traffic Vehicle Detectio.v1i.yolov11/train/images/train01_00147_jpg.rf.c29f037d83dce2fac64ce113f47afab9.jpg,/Users/levienbang/Desktop/DACS/yolo11/Vietnam Traffic Vehicle Detectio.v1i.yolov11/train/labels/train01_00147_jpg.rf.c29f037d83dce2fac64ce113f47afab9.txt,images/train01_00147_jpg.rf.c29f037d83dce2fac64ce113f47afab9.jpg,labels/train01_00147_jpg.rf.c29f037d83dce2fac64ce113f47afab9.txt,9c7ae274e170bfcdfd751ee754bb8401a2e5ecda5f494ae701237d1028c34fac,3,1,2,0,0,Đa số xe chính có thân/hình dạng rõ và ít che nhau; không dùng số lượng xe làm tiêu chí dễ. Có thể có xe nền nhỏ hoặc cắt mép nhẹ.; visual review provisional_sheets index 79
test01_00038_jpg.rf.308c3ece594ea59646ed1cd24c3d4684.jpg,easy,vietnam_traffic,test,/Users/levienbang/Desktop/DACS/yolo11/Vietnam Traffic Vehicle Detectio.v1i.yolov11/test/images/test01_00038_jpg.rf.308c3ece594ea59646ed1cd24c3d4684.jpg,/Users/levienbang/Desktop/DACS/yolo11/Vietnam Traffic Vehicle Detectio.v1i.yolov11/test/labels/test01_00038_jpg.rf.308c3ece594ea59646ed1cd24c3d4684.txt,images/test01_00038_jpg.rf.308c3ece594ea59646ed1cd24c3d4684.jpg,labels/test01_00038_jpg.rf.308c3ece594ea59646ed1cd24c3d4684.txt,364d2ff98f781dab221ed0e7fa02776ae714bf7bd01269c7fbf36adb983937c3,3,1,0,0,2,Đa số xe chính có thân/hình dạng rõ và ít che nhau; không dùng số lượng xe làm tiêu chí dễ. Có thể có xe nền nhỏ hoặc cắt mép nhẹ.; visual review provisional_sheets index 80
train01_00253_jpg.rf.f0f31cd27d1eb5e140fae20e65258368.jpg,easy,vietnam_traffic,train,/Users/levienbang/Desktop/DACS/yolo11/Vietnam Traffic Vehicle Detectio.v1i.yolov11/train/images/train01_00253_jpg.rf.f0f31cd27d1eb5e140fae20e65258368.jpg,/Users/levienbang/Desktop/DACS/yolo11/Vietnam Traffic Vehicle Detectio.v1i.yolov11/train/labels/train01_00253_jpg.rf.f0f31cd27d1eb5e140fae20e65258368.txt,images/train01_00253_jpg.rf.f0f31cd27d1eb5e140fae20e65258368.jpg,labels/train01_00253_jpg.rf.f0f31cd27d1eb5e140fae20e65258368.txt,4bdc0efae452e9acd67d041f12a3fddbb2869b69f57b06114313f8961b51f2f1,4,2,0,0,2,Đa số xe chính có thân/hình dạng rõ và ít che nhau; không dùng số lượng xe làm tiêu chí dễ. Có thể có xe nền nhỏ hoặc cắt mép nhẹ.; visual review provisional_sheets index 83
val01_00158_jpg.rf.abcb024448ffd69eb94f1e6374621bd0.jpg,easy,vietnam_traffic,valid,/Users/levienbang/Desktop/DACS/yolo11/Vietnam Traffic Vehicle Detectio.v1i.yolov11/valid/images/val01_00158_jpg.rf.abcb024448ffd69eb94f1e6374621bd0.jpg,/Users/levienbang/Desktop/DACS/yolo11/Vietnam Traffic Vehicle Detectio.v1i.yolov11/valid/labels/val01_00158_jpg.rf.abcb024448ffd69eb94f1e6374621bd0.txt,images/val01_00158_jpg.rf.abcb024448ffd69eb94f1e6374621bd0.jpg,labels/val01_00158_jpg.rf.abcb024448ffd69eb94f1e6374621bd0.txt,220e15fa93627ffd8403c455132ca409096ad7d5655e27cf19c96e34b74bea2c,4,0,2,0,2,Đa số xe chính có thân/hình dạng rõ và ít che nhau; không dùng số lượng xe làm tiêu chí dễ. Có thể có xe nền nhỏ hoặc cắt mép nhẹ.; visual review provisional_sheets index 87
test01_00022_jpg.rf.a438538f49dc27148175263c014f60d9.jpg,easy,vietnam_traffic,test,/Users/levienbang/Desktop/DACS/yolo11/Vietnam Traffic Vehicle Detectio.v1i.yolov11/test/images/test01_00022_jpg.rf.a438538f49dc27148175263c014f60d9.jpg,/Users/levienbang/Desktop/DACS/yolo11/Vietnam Traffic Vehicle Detectio.v1i.yolov11/test/labels/test01_00022_jpg.rf.a438538f49dc27148175263c014f60d9.txt,images/test01_00022_jpg.rf.a438538f49dc27148175263c014f60d9.jpg,labels/test01_00022_jpg.rf.a438538f49dc27148175263c014f60d9.txt,d3544c289e80ec40efa948b0df36da3ec8f2ad6b8678f45785184eab28654ae0,5,0,0,0,5,"Ảnh nhiều xe; phần lớn xe chính tách biệt và hình xe rõ. Chấp nhận một ít xe nền nhỏ/cắt mép hoặc che nhẹ, không có che khuất dày.; visual review extra_sheets index 6"
train01_00164_jpg.rf.ea986f5d4cafdbc93bfb31441a2ef9f2.jpg,easy,vietnam_traffic,train,/Users/levienbang/Desktop/DACS/yolo11/Vietnam Traffic Vehicle Detectio.v1i.yolov11/train/images/train01_00164_jpg.rf.ea986f5d4cafdbc93bfb31441a2ef9f2.jpg,/Users/levienbang/Desktop/DACS/yolo11/Vietnam Traffic Vehicle Detectio.v1i.yolov11/train/labels/train01_00164_jpg.rf.ea986f5d4cafdbc93bfb31441a2ef9f2.txt,images/train01_00164_jpg.rf.ea986f5d4cafdbc93bfb31441a2ef9f2.jpg,labels/train01_00164_jpg.rf.ea986f5d4cafdbc93bfb31441a2ef9f2.txt,e733de9993ee4042341eb60c0769bae75092d6773a8b19eec6dafc452b7ebccf,5,2,2,1,0,"Ảnh nhiều xe; phần lớn xe chính tách biệt và hình xe rõ. Chấp nhận một ít xe nền nhỏ/cắt mép hoặc che nhẹ, không có che khuất dày.; visual review extra_sheets index 7"
train01_00232_jpg.rf.2672d8cc09f931befc51e97216f5dba7.jpg,easy,vietnam_traffic,train,/Users/levienbang/Desktop/DACS/yolo11/Vietnam Traffic Vehicle Detectio.v1i.yolov11/train/images/train01_00232_jpg.rf.2672d8cc09f931befc51e97216f5dba7.jpg,/Users/levienbang/Desktop/DACS/yolo11/Vietnam Traffic Vehicle Detectio.v1i.yolov11/train/labels/train01_00232_jpg.rf.2672d8cc09f931befc51e97216f5dba7.txt,images/train01_00232_jpg.rf.2672d8cc09f931befc51e97216f5dba7.jpg,labels/train01_00232_jpg.rf.2672d8cc09f931befc51e97216f5dba7.txt,b1218d72f9d5f6fa2dfb18ff3741176eeb4d0a87c68a65fe92f1db83e611078f,5,1,0,0,4,"Ảnh nhiều xe; phần lớn xe chính tách biệt và hình xe rõ. Chấp nhận một ít xe nền nhỏ/cắt mép hoặc che nhẹ, không có che khuất dày.; visual review extra_sheets index 8"
train02_00148_jpg.rf.c1b619ddb7c9622d704aee52e759b68f.jpg,easy,vietnam_traffic,train,/Users/levienbang/Desktop/DACS/yolo11/Vietnam Traffic Vehicle Detectio.v1i.yolov11/train/images/train02_00148_jpg.rf.c1b619ddb7c9622d704aee52e759b68f.jpg,/Users/levienbang/Desktop/DACS/yolo11/Vietnam Traffic Vehicle Detectio.v1i.yolov11/train/labels/train02_00148_jpg.rf.c1b619ddb7c9622d704aee52e759b68f.txt,images/train02_00148_jpg.rf.c1b619ddb7c9622d704aee52e759b68f.jpg,labels/train02_00148_jpg.rf.c1b619ddb7c9622d704aee52e759b68f.txt,78fa0446cad8a2739803812cae62678d17cb4577d89f5d6b81aef88a43f912bf,8,4,2,0,2,"Ảnh nhiều xe; phần lớn xe chính tách biệt và hình xe rõ. Chấp nhận một ít xe nền nhỏ/cắt mép hoặc che nhẹ, không có che khuất dày.; visual review extra_sheets index 22"
train01_00087_jpg.rf.8cd6000d26953285de7836c857fe50e3.jpg,easy,vietnam_traffic,train,/Users/levienbang/Desktop/DACS/yolo11/Vietnam Traffic Vehicle Detectio.v1i.yolov11/train/images/train01_00087_jpg.rf.8cd6000d26953285de7836c857fe50e3.jpg,/Users/levienbang/Desktop/DACS/yolo11/Vietnam Traffic Vehicle Detectio.v1i.yolov11/train/labels/train01_00087_jpg.rf.8cd6000d26953285de7836c857fe50e3.txt,images/train01_00087_jpg.rf.8cd6000d26953285de7836c857fe50e3.jpg,labels/train01_00087_jpg.rf.8cd6000d26953285de7836c857fe50e3.txt,41b06739c76bd00e207996782f114a68165f0df8147b5d84b6e753d201190fe1,6,5,0,0,1,"Ảnh nhiều xe; phần lớn xe chính tách biệt và hình xe rõ. Chấp nhận một ít xe nền nhỏ/cắt mép hoặc che nhẹ, không có che khuất dày.; visual review extra_sheets index 25"
val01_00042_jpg.rf.fd89a3427bd5ec902443bd346856b655.jpg,easy,vietnam_traffic,valid,/Users/levienbang/Desktop/DACS/yolo11/Vietnam Traffic Vehicle Detectio.v1i.yolov11/valid/images/val01_00042_jpg.rf.fd89a3427bd5ec902443bd346856b655.jpg,/Users/levienbang/Desktop/DACS/yolo11/Vietnam Traffic Vehicle Detectio.v1i.yolov11/valid/labels/val01_00042_jpg.rf.fd89a3427bd5ec902443bd346856b655.txt,images/val01_00042_jpg.rf.fd89a3427bd5ec902443bd346856b655.jpg,labels/val01_00042_jpg.rf.fd89a3427bd5ec902443bd346856b655.txt,2eff077bfa1482c79967c5934e68c6dc373fa89e91106256b9d5f3621571f59c,7,0,2,0,5,"Ảnh nhiều xe; phần lớn xe chính tách biệt và hình xe rõ. Chấp nhận một ít xe nền nhỏ/cắt mép hoặc che nhẹ, không có che khuất dày.; visual review extra_sheets index 30"
val02_00004_jpg.rf.92898830f98cafdc27fe0db701b6f174.jpg,easy,vietnam_traffic,valid,/Users/levienbang/Desktop/DACS/yolo11/Vietnam Traffic Vehicle Detectio.v1i.yolov11/valid/images/val02_00004_jpg.rf.92898830f98cafdc27fe0db701b6f174.jpg,/Users/levienbang/Desktop/DACS/yolo11/Vietnam Traffic Vehicle Detectio.v1i.yolov11/valid/labels/val02_00004_jpg.rf.92898830f98cafdc27fe0db701b6f174.txt,images/val02_00004_jpg.rf.92898830f98cafdc27fe0db701b6f174.jpg,labels/val02_00004_jpg.rf.92898830f98cafdc27fe0db701b6f174.txt,ef3848df16998260cd9cb875a77473d034355ae6f73863eb8201a553e0f1d618,9,1,0,2,6,"Ảnh nhiều xe; phần lớn xe chính tách biệt và hình xe rõ. Chấp nhận một ít xe nền nhỏ/cắt mép hoặc che nhẹ, không có che khuất dày.; visual review extra_sheets index 36"
val02_00007_jpg.rf.bbe447a70bfa245a9f2661478d2eb76e.jpg,easy,vietnam_traffic,valid,/Users/levienbang/Desktop/DACS/yolo11/Vietnam Traffic Vehicle Detectio.v1i.yolov11/valid/images/val02_00007_jpg.rf.bbe447a70bfa245a9f2661478d2eb76e.jpg,/Users/levienbang/Desktop/DACS/yolo11/Vietnam Traffic Vehicle Detectio.v1i.yolov11/valid/labels/val02_00007_jpg.rf.bbe447a70bfa245a9f2661478d2eb76e.txt,images/val02_00007_jpg.rf.bbe447a70bfa245a9f2661478d2eb76e.jpg,labels/val02_00007_jpg.rf.bbe447a70bfa245a9f2661478d2eb76e.txt,5cd857d7f5b786b0923bef4e2c33add9f18c3e087988e91bd6d20897a4d29f32,12,0,1,1,10,"Ảnh nhiều xe; phần lớn xe chính tách biệt và hình xe rõ. Chấp nhận một ít xe nền nhỏ/cắt mép hoặc che nhẹ, không có che khuất dày.; visual review extra_sheets index 37"
train01_00240_jpg.rf.f567b63b76324fcfccfb5e4276a9bd47.jpg,easy,vietnam_traffic,train,/Users/levienbang/Desktop/DACS/yolo11/Vietnam Traffic Vehicle Detectio.v1i.yolov11/train/images/train01_00240_jpg.rf.f567b63b76324fcfccfb5e4276a9bd47.jpg,/Users/levienbang/Desktop/DACS/yolo11/Vietnam Traffic Vehicle Detectio.v1i.yolov11/train/labels/train01_00240_jpg.rf.f567b63b76324fcfccfb5e4276a9bd47.txt,images/train01_00240_jpg.rf.f567b63b76324fcfccfb5e4276a9bd47.jpg,labels/train01_00240_jpg.rf.f567b63b76324fcfccfb5e4276a9bd47.txt,aad0924e3a966d85f9baeb088ad8769ba5402009a9fb932bffb76ac45d3766de,12,4,0,0,8,"Ảnh nhiều xe; phần lớn xe chính tách biệt và hình xe rõ. Chấp nhận một ít xe nền nhỏ/cắt mép hoặc che nhẹ, không có che khuất dày.; visual review extra_sheets index 44"
train02_00203_jpg.rf.c2821f7ed4a9a1cf617d1f70030fe878.jpg,easy,vietnam_traffic,train,/Users/levienbang/Desktop/DACS/yolo11/Vietnam Traffic Vehicle Detectio.v1i.yolov11/train/images/train02_00203_jpg.rf.c2821f7ed4a9a1cf617d1f70030fe878.jpg,/Users/levienbang/Desktop/DACS/yolo11/Vietnam Traffic Vehicle Detectio.v1i.yolov11/train/labels/train02_00203_jpg.rf.c2821f7ed4a9a1cf617d1f70030fe878.txt,images/train02_00203_jpg.rf.c2821f7ed4a9a1cf617d1f70030fe878.jpg,labels/train02_00203_jpg.rf.c2821f7ed4a9a1cf617d1f70030fe878.txt,1d0a6afe46221ef45a94774a9ca8d5e84fefc4e3513e98c781d5ead54396f6bb,7,4,0,0,3,"Ảnh nhiều xe; phần lớn xe chính tách biệt và hình xe rõ. Chấp nhận một ít xe nền nhỏ/cắt mép hoặc che nhẹ, không có che khuất dày.; visual review extra_sheets index 54"
train01_00057_jpg.rf.55d432aa61da3dbc26a50707e344defb.jpg,easy,vietnam_traffic,train,/Users/levienbang/Desktop/DACS/yolo11/Vietnam Traffic Vehicle Detectio.v1i.yolov11/train/images/train01_00057_jpg.rf.55d432aa61da3dbc26a50707e344defb.jpg,/Users/levienbang/Desktop/DACS/yolo11/Vietnam Traffic Vehicle Detectio.v1i.yolov11/train/labels/train01_00057_jpg.rf.55d432aa61da3dbc26a50707e344defb.txt,images/train01_00057_jpg.rf.55d432aa61da3dbc26a50707e344defb.jpg,labels/train01_00057_jpg.rf.55d432aa61da3dbc26a50707e344defb.txt,f93b738b040f18a1149d83e2988c1c9414f4a5284e0e66226d2d53ba5f581a27,5,3,0,0,2,"Ảnh nhiều xe; phần lớn xe chính tách biệt và hình xe rõ. Chấp nhận một ít xe nền nhỏ/cắt mép hoặc che nhẹ, không có che khuất dày.; visual review extra_sheets index 59"
train01_00152_jpg.rf.8a244cb4a5c7b22ed73a199389647129.jpg,easy,vietnam_traffic,train,/Users/levienbang/Desktop/DACS/yolo11/Vietnam Traffic Vehicle Detectio.v1i.yolov11/train/images/train01_00152_jpg.rf.8a244cb4a5c7b22ed73a199389647129.jpg,/Users/levienbang/Desktop/DACS/yolo11/Vietnam Traffic Vehicle Detectio.v1i.yolov11/train/labels/train01_00152_jpg.rf.8a244cb4a5c7b22ed73a199389647129.txt,images/train01_00152_jpg.rf.8a244cb4a5c7b22ed73a199389647129.jpg,labels/train01_00152_jpg.rf.8a244cb4a5c7b22ed73a199389647129.txt,e5a00650fcfdc2630619eefb13b464010faeeb18c766beaa505ec076d1f748e3,5,4,1,0,0,"Ảnh nhiều xe; phần lớn xe chính tách biệt và hình xe rõ. Chấp nhận một ít xe nền nhỏ/cắt mép hoặc che nhẹ, không có che khuất dày.; visual review extra_sheets index 60"
train01_00252_jpg.rf.d417dba896fb348d80a58079835a1ae4.jpg,easy,vietnam_traffic,train,/Users/levienbang/Desktop/DACS/yolo11/Vietnam Traffic Vehicle Detectio.v1i.yolov11/train/images/train01_00252_jpg.rf.d417dba896fb348d80a58079835a1ae4.jpg,/Users/levienbang/Desktop/DACS/yolo11/Vietnam Traffic Vehicle Detectio.v1i.yolov11/train/labels/train01_00252_jpg.rf.d417dba896fb348d80a58079835a1ae4.txt,images/train01_00252_jpg.rf.d417dba896fb348d80a58079835a1ae4.jpg,labels/train01_00252_jpg.rf.d417dba896fb348d80a58079835a1ae4.txt,7e34c278201d4f88b452d86866027b00e7d9c41268cb6086d0507c541ddefc1a,5,2,1,0,2,"Ảnh nhiều xe; phần lớn xe chính tách biệt và hình xe rõ. Chấp nhận một ít xe nền nhỏ/cắt mép hoặc che nhẹ, không có che khuất dày.; visual review extra_sheets index 61"
train01_00155_jpg.rf.4e6bb5e6769f2dc9703fa1ac24e6de3d.jpg,easy,vietnam_traffic,train,/Users/levienbang/Desktop/DACS/yolo11/Vietnam Traffic Vehicle Detectio.v1i.yolov11/train/images/train01_00155_jpg.rf.4e6bb5e6769f2dc9703fa1ac24e6de3d.jpg,/Users/levienbang/Desktop/DACS/yolo11/Vietnam Traffic Vehicle Detectio.v1i.yolov11/train/labels/train01_00155_jpg.rf.4e6bb5e6769f2dc9703fa1ac24e6de3d.txt,images/train01_00155_jpg.rf.4e6bb5e6769f2dc9703fa1ac24e6de3d.jpg,labels/train01_00155_jpg.rf.4e6bb5e6769f2dc9703fa1ac24e6de3d.txt,54c22218e6a84be1dc5f7fa3a88f4375dc45d2b1157ef4804661ca371ba2f13e,5,3,2,0,0,"Ảnh nhiều xe; phần lớn xe chính tách biệt và hình xe rõ. Chấp nhận một ít xe nền nhỏ/cắt mép hoặc che nhẹ, không có che khuất dày.; visual review extra_sheets index 64"
val01_00043_jpg.rf.b7302334375b3191124b245977387bfd.jpg,easy,vietnam_traffic,valid,/Users/levienbang/Desktop/DACS/yolo11/Vietnam Traffic Vehicle Detectio.v1i.yolov11/valid/images/val01_00043_jpg.rf.b7302334375b3191124b245977387bfd.jpg,/Users/levienbang/Desktop/DACS/yolo11/Vietnam Traffic Vehicle Detectio.v1i.yolov11/valid/labels/val01_00043_jpg.rf.b7302334375b3191124b245977387bfd.txt,images/val01_00043_jpg.rf.b7302334375b3191124b245977387bfd.jpg,labels/val01_00043_jpg.rf.b7302334375b3191124b245977387bfd.txt,a8ebcd3f25ebba260c79b28748978e35eda2cd9939d5bfb4b041e47bc8df444d,11,0,2,0,9,"Ảnh nhiều xe; phần lớn xe chính tách biệt và hình xe rõ. Chấp nhận một ít xe nền nhỏ/cắt mép hoặc che nhẹ, không có che khuất dày.; visual review extra_sheets index 65"
train02_00133_jpg.rf.9fd0bccab2829e515869f397cdbbc306.jpg,easy,vietnam_traffic,train,/Users/levienbang/Desktop/DACS/yolo11/Vietnam Traffic Vehicle Detectio.v1i.yolov11/train/images/train02_00133_jpg.rf.9fd0bccab2829e515869f397cdbbc306.jpg,/Users/levienbang/Desktop/DACS/yolo11/Vietnam Traffic Vehicle Detectio.v1i.yolov11/train/labels/train02_00133_jpg.rf.9fd0bccab2829e515869f397cdbbc306.txt,images/train02_00133_jpg.rf.9fd0bccab2829e515869f397cdbbc306.jpg,labels/train02_00133_jpg.rf.9fd0bccab2829e515869f397cdbbc306.txt,25d0a3f07b52384178c7c6151d385262d1505ccf0b84559f4087ffb45c4f36b3,5,0,2,1,2,"Ảnh nhiều xe; phần lớn xe chính tách biệt và hình xe rõ. Chấp nhận một ít xe nền nhỏ/cắt mép hoặc che nhẹ, không có che khuất dày.; visual review extra_sheets index 67"
val01_00050_jpg.rf.def88e207432183872b066faa2634ca5.jpg,easy,vietnam_traffic,valid,/Users/levienbang/Desktop/DACS/yolo11/Vietnam Traffic Vehicle Detectio.v1i.yolov11/valid/images/val01_00050_jpg.rf.def88e207432183872b066faa2634ca5.jpg,/Users/levienbang/Desktop/DACS/yolo11/Vietnam Traffic Vehicle Detectio.v1i.yolov11/valid/labels/val01_00050_jpg.rf.def88e207432183872b066faa2634ca5.txt,images/val01_00050_jpg.rf.def88e207432183872b066faa2634ca5.jpg,labels/val01_00050_jpg.rf.def88e207432183872b066faa2634ca5.txt,e5338949098ce368b4b8f91da78be53be8e136a4b46091f06e63eea9c3cef5fe,7,0,2,0,5,"Ảnh nhiều xe; phần lớn xe chính tách biệt và hình xe rõ. Chấp nhận một ít xe nền nhỏ/cắt mép hoặc che nhẹ, không có che khuất dày.; visual review extra_sheets index 39"
train06_00005_jpg.rf.e9fd97e8a2fcf88c27408327c6c516e5.jpg,medium,vietnam_traffic,train,/Users/levienbang/Desktop/DACS/yolo11/Vietnam Traffic Vehicle Detectio.v1i.yolov11/train/images/train06_00005_jpg.rf.e9fd97e8a2fcf88c27408327c6c516e5.jpg,/Users/levienbang/Desktop/DACS/yolo11/Vietnam Traffic Vehicle Detectio.v1i.yolov11/train/labels/train06_00005_jpg.rf.e9fd97e8a2fcf88c27408327c6c516e5.txt,images/train06_00005_jpg.rf.e9fd97e8a2fcf88c27408327c6c516e5.jpg,labels/train06_00005_jpg.rf.e9fd97e8a2fcf88c27408327c6c516e5.txt,0a3127a8ed2c3a4e427a3b3c5105be60d4c84aa6f8c22825c4b1a636e8c995ee,16,4,0,4,8,"Bến xe nhiều bus và xe máy, xe nền che nhau.; visual review provisional_sheets index 1"
test01_00005_jpg.rf.f1c0f4f396b6f28aa34088308306b41e.jpg,medium,vietnam_traffic,test,/Users/levienbang/Desktop/DACS/yolo11/Vietnam Traffic Vehicle Detectio.v1i.yolov11/test/images/test01_00005_jpg.rf.f1c0f4f396b6f28aa34088308306b41e.jpg,/Users/levienbang/Desktop/DACS/yolo11/Vietnam Traffic Vehicle Detectio.v1i.yolov11/test/labels/test01_00005_jpg.rf.f1c0f4f396b6f28aa34088308306b41e.txt,images/test01_00005_jpg.rf.f1c0f4f396b6f28aa34088308306b41e.jpg,labels/test01_00005_jpg.rf.f1c0f4f396b6f28aa34088308306b41e.txt,13a3af3c1b3f6fb0c40dd997ba0a5b52e008ffc4f42994f879ae8b49b6363c91,7,4,0,0,3,Cảnh đêm có mờ và lóa đèn.; visual review provisional_sheets index 6
val02_00003_jpg.rf.bcfbc8cdebbd9293668aaa73645a2a3b.jpg,medium,vietnam_traffic,valid,/Users/levienbang/Desktop/DACS/yolo11/Vietnam Traffic Vehicle Detectio.v1i.yolov11/valid/images/val02_00003_jpg.rf.bcfbc8cdebbd9293668aaa73645a2a3b.jpg,/Users/levienbang/Desktop/DACS/yolo11/Vietnam Traffic Vehicle Detectio.v1i.yolov11/valid/labels/val02_00003_jpg.rf.bcfbc8cdebbd9293668aaa73645a2a3b.txt,images/val02_00003_jpg.rf.bcfbc8cdebbd9293668aaa73645a2a3b.jpg,labels/val02_00003_jpg.rf.bcfbc8cdebbd9293668aaa73645a2a3b.txt,d03692a15fd3ecfc87d79de251175112718b00648cc1542050aeb66eff56461e,18,2,1,2,13,"Giao thông dày, xe máy và ô tô/xe tải che nhau một phần.; visual review provisional_sheets index 8"
train01_00242_jpg.rf.4c5007cf4c52499c8b7535193d3101f5.jpg,medium,vietnam_traffic,train,/Users/levienbang/Desktop/DACS/yolo11/Vietnam Traffic Vehicle Detectio.v1i.yolov11/train/images/train01_00242_jpg.rf.4c5007cf4c52499c8b7535193d3101f5.jpg,/Users/levienbang/Desktop/DACS/yolo11/Vietnam Traffic Vehicle Detectio.v1i.yolov11/train/labels/train01_00242_jpg.rf.4c5007cf4c52499c8b7535193d3101f5.txt,images/train01_00242_jpg.rf.4c5007cf4c52499c8b7535193d3101f5.jpg,labels/train01_00242_jpg.rf.4c5007cf4c52499c8b7535193d3101f5.txt,dca4e92989a6b24af37e207011bc2084b4c9c1d378663eeeea2cb1c34ae15e64,9,4,0,0,5,Người đi bộ và xe có chồng lấp ở camera cao.; visual review provisional_sheets index 12
train06_00000_jpg.rf.3a72af250f0c5f79b272eb46ac5cddde.jpg,medium,vietnam_traffic,train,/Users/levienbang/Desktop/DACS/yolo11/Vietnam Traffic Vehicle Detectio.v1i.yolov11/train/images/train06_00000_jpg.rf.3a72af250f0c5f79b272eb46ac5cddde.jpg,/Users/levienbang/Desktop/DACS/yolo11/Vietnam Traffic Vehicle Detectio.v1i.yolov11/train/labels/train06_00000_jpg.rf.3a72af250f0c5f79b272eb46ac5cddde.txt,images/train06_00000_jpg.rf.3a72af250f0c5f79b272eb46ac5cddde.jpg,labels/train06_00000_jpg.rf.3a72af250f0c5f79b272eb46ac5cddde.txt,2781792016b03a7bff65743068c567644ad0d1cb8a2b5db3404ece85d501bb02,21,10,0,3,8,Nhiều bus/ô tô/xe máy sát nhau ở bến xe.; visual review provisional_sheets index 14
test01_00023_jpg.rf.180fcdc45208aefb006ff62ebb105865.jpg,medium,vietnam_traffic,test,/Users/levienbang/Desktop/DACS/yolo11/Vietnam Traffic Vehicle Detectio.v1i.yolov11/test/images/test01_00023_jpg.rf.180fcdc45208aefb006ff62ebb105865.jpg,/Users/levienbang/Desktop/DACS/yolo11/Vietnam Traffic Vehicle Detectio.v1i.yolov11/test/labels/test01_00023_jpg.rf.180fcdc45208aefb006ff62ebb105865.txt,images/test01_00023_jpg.rf.180fcdc45208aefb006ff62ebb105865.jpg,labels/test01_00023_jpg.rf.180fcdc45208aefb006ff62ebb105865.txt,f3ee68152766265be690f0a42083e24df9ade0b58b2f7c234035bb8f7ffb3b6b,12,2,0,0,10,"Cảnh xám đông xe máy, một số thân xe che nhau.; visual review provisional_sheets index 18"
test01_00010_jpg.rf.257c7dd5f6983436d318579a16444de0.jpg,medium,vietnam_traffic,test,/Users/levienbang/Desktop/DACS/yolo11/Vietnam Traffic Vehicle Detectio.v1i.yolov11/test/images/test01_00010_jpg.rf.257c7dd5f6983436d318579a16444de0.jpg,/Users/levienbang/Desktop/DACS/yolo11/Vietnam Traffic Vehicle Detectio.v1i.yolov11/test/labels/test01_00010_jpg.rf.257c7dd5f6983436d318579a16444de0.txt,images/test01_00010_jpg.rf.257c7dd5f6983436d318579a16444de0.jpg,labels/test01_00010_jpg.rf.257c7dd5f6983436d318579a16444de0.txt,79c7211bc90acbd68c3282bc3fabdb268a3c649a54600a6549b9e837b4bebdb1,4,4,0,0,0,"Đêm và mờ, thân nhiều ô tô vẫn nhận biết được.; visual review provisional_sheets index 19"
train02_00247_jpg.rf.31c29f4829f270dfc9a1dca532d8aea0.jpg,medium,vietnam_traffic,train,/Users/levienbang/Desktop/DACS/yolo11/Vietnam Traffic Vehicle Detectio.v1i.yolov11/train/images/train02_00247_jpg.rf.31c29f4829f270dfc9a1dca532d8aea0.jpg,/Users/levienbang/Desktop/DACS/yolo11/Vietnam Traffic Vehicle Detectio.v1i.yolov11/train/labels/train02_00247_jpg.rf.31c29f4829f270dfc9a1dca532d8aea0.txt,images/train02_00247_jpg.rf.31c29f4829f270dfc9a1dca532d8aea0.jpg,labels/train02_00247_jpg.rf.31c29f4829f270dfc9a1dca532d8aea0.txt,269030668ab16559a7c356eea06c0381600027447ecfb962f6b7e9143e9e90e9,5,1,1,0,3,Góc kính/camera che và phản chiếu một phần xe.; visual review provisional_sheets index 22
train01_00295_jpg.rf.3761b4d8d9af6030d2952342dde0d0d2.jpg,medium,vietnam_traffic,train,/Users/levienbang/Desktop/DACS/yolo11/Vietnam Traffic Vehicle Detectio.v1i.yolov11/train/images/train01_00295_jpg.rf.3761b4d8d9af6030d2952342dde0d0d2.jpg,/Users/levienbang/Desktop/DACS/yolo11/Vietnam Traffic Vehicle Detectio.v1i.yolov11/train/labels/train01_00295_jpg.rf.3761b4d8d9af6030d2952342dde0d0d2.txt,images/train01_00295_jpg.rf.3761b4d8d9af6030d2952342dde0d0d2.jpg,labels/train01_00295_jpg.rf.3761b4d8d9af6030d2952342dde0d0d2.txt,99caae2f7d7abe66ff00cbc1c5ed798bc74bc5e8c8154c0a786d350e0ca04418,8,5,2,1,0,Phản chiếu trên kính làm hình xe đối diện kém rõ.; visual review provisional_sheets index 23
train01_00023_jpg.rf.7556072607cdbc2c0bcd2c64abd11884.jpg,medium,vietnam_traffic,train,/Users/levienbang/Desktop/DACS/yolo11/Vietnam Traffic Vehicle Detectio.v1i.yolov11/train/images/train01_00023_jpg.rf.7556072607cdbc2c0bcd2c64abd11884.jpg,/Users/levienbang/Desktop/DACS/yolo11/Vietnam Traffic Vehicle Detectio.v1i.yolov11/train/labels/train01_00023_jpg.rf.7556072607cdbc2c0bcd2c64abd11884.txt,images/train01_00023_jpg.rf.7556072607cdbc2c0bcd2c64abd11884.jpg,labels/train01_00023_jpg.rf.7556072607cdbc2c0bcd2c64abd11884.txt,6b50a3ec8c78dade8d397230da0933e887c840810e7a02a590a5accf4287d789,4,0,0,0,4,"Camera mắt cá, xe nhỏ/mờ, có người gần xe.; visual review provisional_sheets index 28"
val01_00140_jpg.rf.8cf6434ca572b20cb39cb4f1cbbdcb4f.jpg,medium,vietnam_traffic,valid,/Users/levienbang/Desktop/DACS/yolo11/Vietnam Traffic Vehicle Detectio.v1i.yolov11/valid/images/val01_00140_jpg.rf.8cf6434ca572b20cb39cb4f1cbbdcb4f.jpg,/Users/levienbang/Desktop/DACS/yolo11/Vietnam Traffic Vehicle Detectio.v1i.yolov11/valid/labels/val01_00140_jpg.rf.8cf6434ca572b20cb39cb4f1cbbdcb4f.txt,images/val01_00140_jpg.rf.8cf6434ca572b20cb39cb4f1cbbdcb4f.jpg,labels/val01_00140_jpg.rf.8cf6434ca572b20cb39cb4f1cbbdcb4f.txt,c35bc6ebf7816e0a80d4a658a6bf7f85c0046084d5c4f48f72a1912078c492ec,8,3,0,0,5,"Giao thông đêm, xe ở mép và xe máy nền kém rõ.; visual review provisional_sheets index 35"
test01_00015_jpg.rf.33bf8e352bd1cebf1fbc6bb752734fd8.jpg,medium,vietnam_traffic,test,/Users/levienbang/Desktop/DACS/yolo11/Vietnam Traffic Vehicle Detectio.v1i.yolov11/test/images/test01_00015_jpg.rf.33bf8e352bd1cebf1fbc6bb752734fd8.jpg,/Users/levienbang/Desktop/DACS/yolo11/Vietnam Traffic Vehicle Detectio.v1i.yolov11/test/labels/test01_00015_jpg.rf.33bf8e352bd1cebf1fbc6bb752734fd8.txt,images/test01_00015_jpg.rf.33bf8e352bd1cebf1fbc6bb752734fd8.jpg,labels/test01_00015_jpg.rf.33bf8e352bd1cebf1fbc6bb752734fd8.txt,d2e6230eba1a70b3991585b54979529f7d3400cf5a711eccb2f9f43922109b53,1,0,0,1,0,"Người đứng sát bus che một phần bus, có lớp chữ trên video.; visual review provisional_sheets index 38"
train02_00076_jpg.rf.a883cf6b312ba58a50c0e50f394af1a8.jpg,medium,vietnam_traffic,train,/Users/levienbang/Desktop/DACS/yolo11/Vietnam Traffic Vehicle Detectio.v1i.yolov11/train/images/train02_00076_jpg.rf.a883cf6b312ba58a50c0e50f394af1a8.jpg,/Users/levienbang/Desktop/DACS/yolo11/Vietnam Traffic Vehicle Detectio.v1i.yolov11/train/labels/train02_00076_jpg.rf.a883cf6b312ba58a50c0e50f394af1a8.txt,images/train02_00076_jpg.rf.a883cf6b312ba58a50c0e50f394af1a8.jpg,labels/train02_00076_jpg.rf.a883cf6b312ba58a50c0e50f394af1a8.txt,6595725933ee491882e3e9a0ef8976f2a4e92897cb3a2fb3b141b37b1121996d,1,1,0,0,0,"Ô tô đêm sau cửa/cổng, tối và một phần bị khuất.; visual review provisional_sheets index 47"
train02_00081_jpg.rf.f41231eb1c88ba25cc8bffcef5b243cf.jpg,medium,vietnam_traffic,train,/Users/levienbang/Desktop/DACS/yolo11/Vietnam Traffic Vehicle Detectio.v1i.yolov11/train/images/train02_00081_jpg.rf.f41231eb1c88ba25cc8bffcef5b243cf.jpg,/Users/levienbang/Desktop/DACS/yolo11/Vietnam Traffic Vehicle Detectio.v1i.yolov11/train/labels/train02_00081_jpg.rf.f41231eb1c88ba25cc8bffcef5b243cf.txt,images/train02_00081_jpg.rf.f41231eb1c88ba25cc8bffcef5b243cf.jpg,labels/train02_00081_jpg.rf.f41231eb1c88ba25cc8bffcef5b243cf.txt,e987d661db543d19f89d56da8319395ea6b5ef8050dee0bfedb06a44854d4aa8,1,1,0,0,0,"Lóa đèn ở ô tô đêm, cạnh xe không rõ.; visual review provisional_sheets index 48"
train01_00076_jpg.rf.1e382fbe0186cc56fd0c148116e667f2.jpg,medium,vietnam_traffic,train,/Users/levienbang/Desktop/DACS/yolo11/Vietnam Traffic Vehicle Detectio.v1i.yolov11/train/images/train01_00076_jpg.rf.1e382fbe0186cc56fd0c148116e667f2.jpg,/Users/levienbang/Desktop/DACS/yolo11/Vietnam Traffic Vehicle Detectio.v1i.yolov11/train/labels/train01_00076_jpg.rf.1e382fbe0186cc56fd0c148116e667f2.txt,images/train01_00076_jpg.rf.1e382fbe0186cc56fd0c148116e667f2.jpg,labels/train01_00076_jpg.rf.1e382fbe0186cc56fd0c148116e667f2.txt,c5fd47b351f19b16b77f3d2b6e17f45a9b62b53c3b53697f3b8bb786fde118c6,4,4,0,0,0,"Đường hầm ngược sáng, ô tô và nền khó tách hơn.; visual review provisional_sheets index 60"
val02_00008_jpg.rf.324fca762641f8686bfdd7478b18b445.jpg,medium,vietnam_traffic,valid,/Users/levienbang/Desktop/DACS/yolo11/Vietnam Traffic Vehicle Detectio.v1i.yolov11/valid/images/val02_00008_jpg.rf.324fca762641f8686bfdd7478b18b445.jpg,/Users/levienbang/Desktop/DACS/yolo11/Vietnam Traffic Vehicle Detectio.v1i.yolov11/valid/labels/val02_00008_jpg.rf.324fca762641f8686bfdd7478b18b445.txt,images/val02_00008_jpg.rf.324fca762641f8686bfdd7478b18b445.jpg,labels/val02_00008_jpg.rf.324fca762641f8686bfdd7478b18b445.txt,9abf617764f189ff027375026a99881484b6daa6c75dd1d65ddf2ef246226871,14,2,0,1,11,"Xe máy dày bên cạnh bus, một số xe chồng lấp.; visual review provisional_sheets index 64"
train01_00103_jpg.rf.34d83c6629439151f1b2187400354b3d.jpg,medium,vietnam_traffic,train,/Users/levienbang/Desktop/DACS/yolo11/Vietnam Traffic Vehicle Detectio.v1i.yolov11/train/images/train01_00103_jpg.rf.34d83c6629439151f1b2187400354b3d.jpg,/Users/levienbang/Desktop/DACS/yolo11/Vietnam Traffic Vehicle Detectio.v1i.yolov11/train/labels/train01_00103_jpg.rf.34d83c6629439151f1b2187400354b3d.txt,images/train01_00103_jpg.rf.34d83c6629439151f1b2187400354b3d.jpg,labels/train01_00103_jpg.rf.34d83c6629439151f1b2187400354b3d.txt,007414de7faf446c72106053f24df7f567d7ab0cb8217f9fe632b3cdf784479c,9,5,4,0,0,"Nhiều ô tô/xe tải trên đường, xe xa che nhau.; visual review provisional_sheets index 70"
train03_00008_jpg.rf.8bad59f8a8b5fa73016ee9635dc92a6e.jpg,medium,vietnam_traffic,train,/Users/levienbang/Desktop/DACS/yolo11/Vietnam Traffic Vehicle Detectio.v1i.yolov11/train/images/train03_00008_jpg.rf.8bad59f8a8b5fa73016ee9635dc92a6e.jpg,/Users/levienbang/Desktop/DACS/yolo11/Vietnam Traffic Vehicle Detectio.v1i.yolov11/train/labels/train03_00008_jpg.rf.8bad59f8a8b5fa73016ee9635dc92a6e.txt,images/train03_00008_jpg.rf.8bad59f8a8b5fa73016ee9635dc92a6e.jpg,labels/train03_00008_jpg.rf.8bad59f8a8b5fa73016ee9635dc92a6e.txt,b539639149bbec3ab0aa12c2dae00572d066b3a6bfd0b15b6e475973759c9304,16,14,0,0,2,"Ùn tắc dày, nhiều thân ô tô chỉ thấy một phần.; visual review provisional_sheets index 71"
train01_00091_jpg.rf.3f6838096590a071f37bb484fc9c9ebd.jpg,medium,vietnam_traffic,train,/Users/levienbang/Desktop/DACS/yolo11/Vietnam Traffic Vehicle Detectio.v1i.yolov11/train/images/train01_00091_jpg.rf.3f6838096590a071f37bb484fc9c9ebd.jpg,/Users/levienbang/Desktop/DACS/yolo11/Vietnam Traffic Vehicle Detectio.v1i.yolov11/train/labels/train01_00091_jpg.rf.3f6838096590a071f37bb484fc9c9ebd.txt,images/train01_00091_jpg.rf.3f6838096590a071f37bb484fc9c9ebd.jpg,labels/train01_00091_jpg.rf.3f6838096590a071f37bb484fc9c9ebd.txt,dd70c9fb90e63f973ae408aa3b94eb37dd04973d33ab51f0123df9654c6809ef,7,7,0,0,0,"Ô tô sát nhau nhiều chiếc, một số chỉ thấy đầu xe.; visual review provisional_sheets index 81"
train01_00059_jpg.rf.f6f2ec4ed1a118098d420c3d65852260.jpg,medium,vietnam_traffic,train,/Users/levienbang/Desktop/DACS/yolo11/Vietnam Traffic Vehicle Detectio.v1i.yolov11/train/images/train01_00059_jpg.rf.f6f2ec4ed1a118098d420c3d65852260.jpg,/Users/levienbang/Desktop/DACS/yolo11/Vietnam Traffic Vehicle Detectio.v1i.yolov11/train/labels/train01_00059_jpg.rf.f6f2ec4ed1a118098d420c3d65852260.txt,images/train01_00059_jpg.rf.f6f2ec4ed1a118098d420c3d65852260.jpg,labels/train01_00059_jpg.rf.f6f2ec4ed1a118098d420c3d65852260.txt,16c50cd3c215b9286976c52e37e9360b539abb2796b874a4c489ab46e0d2df88,9,6,0,0,3,Nhiều xe nền nhỏ/che nhau trên quốc lộ.; visual review provisional_sheets index 91
train01_00216_jpg.rf.b63102e0e673f98cc29d2dc4d7a8d00f.jpg,hard,vietnam_traffic,train,/Users/levienbang/Desktop/DACS/yolo11/Vietnam Traffic Vehicle Detectio.v1i.yolov11/train/images/train01_00216_jpg.rf.b63102e0e673f98cc29d2dc4d7a8d00f.jpg,/Users/levienbang/Desktop/DACS/yolo11/Vietnam Traffic Vehicle Detectio.v1i.yolov11/train/labels/train01_00216_jpg.rf.b63102e0e673f98cc29d2dc4d7a8d00f.txt,images/train01_00216_jpg.rf.b63102e0e673f98cc29d2dc4d7a8d00f.jpg,labels/train01_00216_jpg.rf.b63102e0e673f98cc29d2dc4d7a8d00f.txt,45ac9a8ccd9a3db93903f0c1fe6e94bc6dbc3587252bbd55b3eb7d53adc4213d,2,1,0,0,1,"Cảnh va chạm/góc hình khác thường, hình xe máy khó tách.; visual review provisional_sheets index 33"
train01_00206_jpg.rf.721a916bec9bfc72e5915be534e05976.jpg,hard,vietnam_traffic,train,/Users/levienbang/Desktop/DACS/yolo11/Vietnam Traffic Vehicle Detectio.v1i.yolov11/train/images/train01_00206_jpg.rf.721a916bec9bfc72e5915be534e05976.jpg,/Users/levienbang/Desktop/DACS/yolo11/Vietnam Traffic Vehicle Detectio.v1i.yolov11/train/labels/train01_00206_jpg.rf.721a916bec9bfc72e5915be534e05976.txt,images/train01_00206_jpg.rf.721a916bec9bfc72e5915be534e05976.jpg,labels/train01_00206_jpg.rf.721a916bec9bfc72e5915be534e05976.txt,34aaa753837b593f377c3679e193e45892e4bdc5ff309f73221b3bc51ff25b7e,2,1,1,0,0,"Ô tô và xe tải sát nhau trong cảnh đêm, ánh sáng khó.; visual review provisional_sheets index 34"
train02_00306_jpg.rf.a172da32f95c73f6d563ca3ec13eacc7.jpg,hard,vietnam_traffic,train,/Users/levienbang/Desktop/DACS/yolo11/Vietnam Traffic Vehicle Detectio.v1i.yolov11/train/images/train02_00306_jpg.rf.a172da32f95c73f6d563ca3ec13eacc7.jpg,/Users/levienbang/Desktop/DACS/yolo11/Vietnam Traffic Vehicle Detectio.v1i.yolov11/train/labels/train02_00306_jpg.rf.a172da32f95c73f6d563ca3ec13eacc7.txt,images/train02_00306_jpg.rf.a172da32f95c73f6d563ca3ec13eacc7.jpg,labels/train02_00306_jpg.rf.a172da32f95c73f6d563ca3ec13eacc7.txt,7a0939026996ddf4bd4d7d92872129906f980234106e0eaa6fc9084033dad3ce,5,1,4,0,0,"Ô tô giữa nhiều xe tải sát nhau, thân xe che nhau.; visual review provisional_sheets index 77"
train02_00296_jpg.rf.eb1685a72f4a1153225fafc94db936f6.jpg,hard,vietnam_traffic,train,/Users/levienbang/Desktop/DACS/yolo11/Vietnam Traffic Vehicle Detectio.v1i.yolov11/train/images/train02_00296_jpg.rf.eb1685a72f4a1153225fafc94db936f6.jpg,/Users/levienbang/Desktop/DACS/yolo11/Vietnam Traffic Vehicle Detectio.v1i.yolov11/train/labels/train02_00296_jpg.rf.eb1685a72f4a1153225fafc94db936f6.txt,images/train02_00296_jpg.rf.eb1685a72f4a1153225fafc94db936f6.jpg,labels/train02_00296_jpg.rf.eb1685a72f4a1153225fafc94db936f6.txt,b402439a7c8fe93578bd323292a8807b3b2c3228c35534c495ee1b1b45684d7b,3,0,3,0,0,"Kính phản chiếu mạnh, xe tải sát nhau và viền khó.; visual review provisional_sheets index 82"
train02_00004_jpg.rf.dec3ef11bec68614bb5eff06425dcf06.jpg,hard,vietnam_traffic,train,/Users/levienbang/Desktop/DACS/yolo11/Vietnam Traffic Vehicle Detectio.v1i.yolov11/train/images/train02_00004_jpg.rf.dec3ef11bec68614bb5eff06425dcf06.jpg,/Users/levienbang/Desktop/DACS/yolo11/Vietnam Traffic Vehicle Detectio.v1i.yolov11/train/labels/train02_00004_jpg.rf.dec3ef11bec68614bb5eff06425dcf06.txt,images/train02_00004_jpg.rf.dec3ef11bec68614bb5eff06425dcf06.jpg,labels/train02_00004_jpg.rf.dec3ef11bec68614bb5eff06425dcf06.txt,37554fdd9be980f4b5da038c2b2c70d45a9611bafb954359bc8b7c0a8319007f,8,1,2,0,5,"Góc từ cao, có xe bị cắt mép và xe nền nhỏ.; visual review provisional_sheets index 84"
val01_00121_jpg.rf.e6f9c0463ea4b2797cf47208d0734495.jpg,hard,vietnam_traffic,valid,/Users/levienbang/Desktop/DACS/yolo11/Vietnam Traffic Vehicle Detectio.v1i.yolov11/valid/images/val01_00121_jpg.rf.e6f9c0463ea4b2797cf47208d0734495.jpg,/Users/levienbang/Desktop/DACS/yolo11/Vietnam Traffic Vehicle Detectio.v1i.yolov11/valid/labels/val01_00121_jpg.rf.e6f9c0463ea4b2797cf47208d0734495.txt,images/val01_00121_jpg.rf.e6f9c0463ea4b2797cf47208d0734495.jpg,labels/val01_00121_jpg.rf.e6f9c0463ea4b2797cf47208d0734495.txt,b154eaf6869a4e010be5b99dd128941f6f0b5ace424c395529a24b55ce0f977a,2,0,1,1,0,"Xe tải rất lớn cắt mép, bus đối diện ở làn hẹp.; visual review provisional_sheets index 85"
train02_00210_jpg.rf.271bff88026605c71f96fb6cce1c33a7.jpg,hard,vietnam_traffic,train,/Users/levienbang/Desktop/DACS/yolo11/Vietnam Traffic Vehicle Detectio.v1i.yolov11/train/images/train02_00210_jpg.rf.271bff88026605c71f96fb6cce1c33a7.jpg,/Users/levienbang/Desktop/DACS/yolo11/Vietnam Traffic Vehicle Detectio.v1i.yolov11/train/labels/train02_00210_jpg.rf.271bff88026605c71f96fb6cce1c33a7.txt,images/train02_00210_jpg.rf.271bff88026605c71f96fb6cce1c33a7.jpg,labels/train02_00210_jpg.rf.271bff88026605c71f96fb6cce1c33a7.txt,0df685b05b7cd83921c45617702d22e2774e0ec883fcbb46cb99af2ea7af496f,2,2,0,0,0,"Ảnh camera bị xoay mạnh sau sự cố, vật thể khó đọc.; visual review provisional_sheets index 89"
train02_00125_jpg.rf.c6b713822ff72511401c944128c4eeed.jpg,hard,vietnam_traffic,train,/Users/levienbang/Desktop/DACS/yolo11/Vietnam Traffic Vehicle Detectio.v1i.yolov11/train/images/train02_00125_jpg.rf.c6b713822ff72511401c944128c4eeed.jpg,/Users/levienbang/Desktop/DACS/yolo11/Vietnam Traffic Vehicle Detectio.v1i.yolov11/train/labels/train02_00125_jpg.rf.c6b713822ff72511401c944128c4eeed.txt,images/train02_00125_jpg.rf.c6b713822ff72511401c944128c4eeed.jpg,labels/train02_00125_jpg.rf.c6b713822ff72511401c944128c4eeed.txt,f70e78a2cfa409fd2ca0027f887801da3bbeccd5cb6bd95e37a1be5712ea90e5,8,5,2,1,0,"Ô tô/xe tải/bus đi sát nhau, che khuất đáng kể.; visual review provisional_sheets index 92"
train02_00141_jpg.rf.b77d58cfca9f0847744ed54aa4d02aeb.jpg,hard,vietnam_traffic,train,/Users/levienbang/Desktop/DACS/yolo11/Vietnam Traffic Vehicle Detectio.v1i.yolov11/train/images/train02_00141_jpg.rf.b77d58cfca9f0847744ed54aa4d02aeb.jpg,/Users/levienbang/Desktop/DACS/yolo11/Vietnam Traffic Vehicle Detectio.v1i.yolov11/train/labels/train02_00141_jpg.rf.b77d58cfca9f0847744ed54aa4d02aeb.txt,images/train02_00141_jpg.rf.b77d58cfca9f0847744ed54aa4d02aeb.jpg,labels/train02_00141_jpg.rf.b77d58cfca9f0847744ed54aa4d02aeb.txt,cff853019fcbd9d9b9bf66aea23bfc8078160211e2973f2f32150b653164dee5,7,1,0,0,6,"Ánh sáng lóa và mờ, ô tô/xe máy khó tách biên.; visual review provisional_sheets index 94"
val01_00131_jpg.rf.67207415cfad09c09f985d3bcc44696f.jpg,hard,vietnam_traffic,valid,/Users/levienbang/Desktop/DACS/yolo11/Vietnam Traffic Vehicle Detectio.v1i.yolov11/valid/images/val01_00131_jpg.rf.67207415cfad09c09f985d3bcc44696f.jpg,/Users/levienbang/Desktop/DACS/yolo11/Vietnam Traffic Vehicle Detectio.v1i.yolov11/valid/labels/val01_00131_jpg.rf.67207415cfad09c09f985d3bcc44696f.txt,images/val01_00131_jpg.rf.67207415cfad09c09f985d3bcc44696f.jpg,labels/val01_00131_jpg.rf.67207415cfad09c09f985d3bcc44696f.txt,026f691a242994b063e42f5f0d9047b84bede1fc8391f048187117725760fecd,1,0,1,0,0,"Xe tải chiếm mép ảnh, nhiều xe nền nhỏ hoặc bị che.; visual review provisional_sheets index 99"
