filename,difficulty,source_split,image_path,label_path,vehicle_instances,car,truck,bus,motorcycle
7d128593-0ccfea4c.jpg,all,val,images/7d128593-0ccfea4c.jpg,labels/7d128593-0ccfea4c.json,7,3,4,0,0
7dca6982-6971d025.jpg,all,val,images/7dca6982-6971d025.jpg,labels/7dca6982-6971d025.json,5,5,0,0,0
7de0a101-68335d0a.jpg,all,val,images/7de0a101-68335d0a.jpg,labels/7de0a101-68335d0a.json,8,7,1,0,0
7e23ea75-c9f30000.jpg,all,val,images/7e23ea75-c9f30000.jpg,labels/7e23ea75-c9f30000.json,3,3,0,0,0
7ea536cf-9cb2ed5f.jpg,all,val,images/7ea536cf-9cb2ed5f.jpg,labels/7ea536cf-9cb2ed5f.json,5,5,0,0,0
7eb52e47-49584e13.jpg,all,val,images/7eb52e47-49584e13.jpg,labels/7eb52e47-49584e13.json,20,19,0,1,0
7ed0f644-ac730001.jpg,all,val,images/7ed0f644-ac730001.jpg,labels/7ed0f644-ac730001.json,3,3,0,0,0
7f121a33-526f912b.jpg,all,val,images/7f121a33-526f912b.jpg,labels/7f121a33-526f912b.json,7,7,0,0,0
7f2b8da2-00000000.jpg,all,val,images/7f2b8da2-00000000.jpg,labels/7f2b8da2-00000000.json,37,35,2,0,0
7f3e29de-694ee983.jpg,all,val,images/7f3e29de-694ee983.jpg,labels/7f3e29de-694ee983.json,24,24,0,0,0
80c62ee8-96e3f3bf.jpg,all,val,images/80c62ee8-96e3f3bf.jpg,labels/80c62ee8-96e3f3bf.json,4,3,1,0,0
80f308d1-e30a628d.jpg,all,val,images/80f308d1-e30a628d.jpg,labels/80f308d1-e30a628d.json,23,19,3,1,0
82d184d4-00000000.jpg,all,val,images/82d184d4-00000000.jpg,labels/82d184d4-00000000.json,14,11,0,0,3
85116dd5-00000000.jpg,all,val,images/85116dd5-00000000.jpg,labels/85116dd5-00000000.json,11,9,2,0,0
87b18bd2-00000000.jpg,all,val,images/87b18bd2-00000000.jpg,labels/87b18bd2-00000000.json,10,9,1,0,0
889ab996-00000000.jpg,all,val,images/889ab996-00000000.jpg,labels/889ab996-00000000.json,10,8,2,0,0
88f82b2a-93448a4d.jpg,all,val,images/88f82b2a-93448a4d.jpg,labels/88f82b2a-93448a4d.json,33,33,0,0,0
88f99be1-00000000.jpg,all,val,images/88f99be1-00000000.jpg,labels/88f99be1-00000000.json,3,2,1,0,0
89731b35-00000000.jpg,all,val,images/89731b35-00000000.jpg,labels/89731b35-00000000.json,8,6,2,0,0
89ca3634-00000000.jpg,all,val,images/89ca3634-00000000.jpg,labels/89ca3634-00000000.json,7,6,1,0,0
89f27493-00000000.jpg,all,val,images/89f27493-00000000.jpg,labels/89f27493-00000000.json,8,8,0,0,0
8b48acc3-18539ccf.jpg,all,val,images/8b48acc3-18539ccf.jpg,labels/8b48acc3-18539ccf.json,21,21,0,0,0
8b906426-5c6e0000.jpg,all,val,images/8b906426-5c6e0000.jpg,labels/8b906426-5c6e0000.json,7,6,1,0,0
8bb29275-4f164afa.jpg,all,val,images/8bb29275-4f164afa.jpg,labels/8bb29275-4f164afa.json,13,13,0,0,0
8bffba2a-8fbc586f.jpg,all,val,images/8bffba2a-8fbc586f.jpg,labels/8bffba2a-8fbc586f.json,5,5,0,0,0
8c3cbdd3-531d0482.jpg,all,val,images/8c3cbdd3-531d0482.jpg,labels/8c3cbdd3-531d0482.json,9,9,0,0,0
8c976e04-47482559.jpg,all,val,images/8c976e04-47482559.jpg,labels/8c976e04-47482559.json,21,18,2,1,0
8da3b2a5-ea690000.jpg,all,val,images/8da3b2a5-ea690000.jpg,labels/8da3b2a5-ea690000.json,4,4,0,0,0
8dc8faf3-50776226.jpg,all,val,images/8dc8faf3-50776226.jpg,labels/8dc8faf3-50776226.json,7,7,0,0,0
8df744f5-00000000.jpg,all,val,images/8df744f5-00000000.jpg,labels/8df744f5-00000000.json,21,20,1,0,0
8e84ae1c-3f658dc4.jpg,all,val,images/8e84ae1c-3f658dc4.jpg,labels/8e84ae1c-3f658dc4.json,8,7,0,1,0
8f7dd26d-3de66fdc.jpg,all,val,images/8f7dd26d-3de66fdc.jpg,labels/8f7dd26d-3de66fdc.json,9,9,0,0,0
8fc433c9-2baf153a.jpg,all,val,images/8fc433c9-2baf153a.jpg,labels/8fc433c9-2baf153a.json,14,14,0,0,0
8fcce630-3c3e0000.jpg,all,val,images/8fcce630-3c3e0000.jpg,labels/8fcce630-3c3e0000.json,9,9,0,0,0
8fd046f2-2db00000.jpg,all,val,images/8fd046f2-2db00000.jpg,labels/8fd046f2-2db00000.json,10,9,1,0,0
8fd046f2-ecff0000.jpg,all,val,images/8fd046f2-ecff0000.jpg,labels/8fd046f2-ecff0000.json,9,9,0,0,0
905625db-00000000.jpg,all,val,images/905625db-00000000.jpg,labels/905625db-00000000.json,7,5,0,2,0
90e6223b-00000000.jpg,all,val,images/90e6223b-00000000.jpg,labels/90e6223b-00000000.json,5,5,0,0,0
913ce54c-0d096157.jpg,all,val,images/913ce54c-0d096157.jpg,labels/913ce54c-0d096157.json,17,15,2,0,0
9162b45e-00000000.jpg,all,val,images/9162b45e-00000000.jpg,labels/9162b45e-00000000.json,10,9,1,0,0
941f3bb8-1184941a.jpg,all,val,images/941f3bb8-1184941a.jpg,labels/941f3bb8-1184941a.json,8,8,0,0,0
94537e68-becd56a7.jpg,all,val,images/94537e68-becd56a7.jpg,labels/94537e68-becd56a7.json,15,13,2,0,0
9498b143-00000000.jpg,all,val,images/9498b143-00000000.jpg,labels/9498b143-00000000.json,12,8,1,3,0
957e6dd4-fb4e3041.jpg,all,val,images/957e6dd4-fb4e3041.jpg,labels/957e6dd4-fb4e3041.json,11,10,1,0,0
95a80830-b76603bc.jpg,all,val,images/95a80830-b76603bc.jpg,labels/95a80830-b76603bc.json,10,10,0,0,0
96180b81-00000000.jpg,all,val,images/96180b81-00000000.jpg,labels/96180b81-00000000.json,6,6,0,0,0
96673d70-00000000.jpg,all,val,images/96673d70-00000000.jpg,labels/96673d70-00000000.json,11,11,0,0,0
97880acc-e6bec03d.jpg,all,val,images/97880acc-e6bec03d.jpg,labels/97880acc-e6bec03d.json,15,15,0,0,0
97b17538-00000000.jpg,all,val,images/97b17538-00000000.jpg,labels/97b17538-00000000.json,18,18,0,0,0
981d9ee0-00000000.jpg,all,val,images/981d9ee0-00000000.jpg,labels/981d9ee0-00000000.json,1,0,0,1,0
98dd3975-f89c0580.jpg,all,val,images/98dd3975-f89c0580.jpg,labels/98dd3975-f89c0580.json,7,5,2,0,0
99ebed9d-b6dd94d3.jpg,all,val,images/99ebed9d-b6dd94d3.jpg,labels/99ebed9d-b6dd94d3.json,5,4,0,1,0
9a4c69c8-0fd2d8ab.jpg,all,val,images/9a4c69c8-0fd2d8ab.jpg,labels/9a4c69c8-0fd2d8ab.json,10,9,0,1,0
9a80bccb-2d450000.jpg,all,val,images/9a80bccb-2d450000.jpg,labels/9a80bccb-2d450000.json,6,6,0,0,0
9a80bccb-2d450001.jpg,all,val,images/9a80bccb-2d450001.jpg,labels/9a80bccb-2d450001.json,4,4,0,0,0
9a888ffa-7b310001.jpg,all,val,images/9a888ffa-7b310001.jpg,labels/9a888ffa-7b310001.json,7,6,0,1,0
9a9da7d3-00000000.jpg,all,val,images/9a9da7d3-00000000.jpg,labels/9a9da7d3-00000000.json,16,16,0,0,0
9adc5269-00000000.jpg,all,val,images/9adc5269-00000000.jpg,labels/9adc5269-00000000.json,10,10,0,0,0
9b970e47-359c8e97.jpg,all,val,images/9b970e47-359c8e97.jpg,labels/9b970e47-359c8e97.json,7,5,0,2,0
9c150253-72086feb.jpg,all,val,images/9c150253-72086feb.jpg,labels/9c150253-72086feb.json,3,1,2,0,0
9c9156f9-5b627c90.jpg,all,val,images/9c9156f9-5b627c90.jpg,labels/9c9156f9-5b627c90.json,1,1,0,0,0
9cc5345c-096b562a.jpg,all,val,images/9cc5345c-096b562a.jpg,labels/9cc5345c-096b562a.json,7,7,0,0,0
9dbd0a28-f14126ed.jpg,all,val,images/9dbd0a28-f14126ed.jpg,labels/9dbd0a28-f14126ed.json,12,8,0,4,0
9e9342d8-f17b592a.jpg,all,val,images/9e9342d8-f17b592a.jpg,labels/9e9342d8-f17b592a.json,14,14,0,0,0
9f32f593-5887c047.jpg,all,val,images/9f32f593-5887c047.jpg,labels/9f32f593-5887c047.json,10,9,0,1,0
9f51e19f-00000000.jpg,all,val,images/9f51e19f-00000000.jpg,labels/9f51e19f-00000000.json,18,16,2,0,0
9fdeab10-7c1d6e2b.jpg,all,val,images/9fdeab10-7c1d6e2b.jpg,labels/9fdeab10-7c1d6e2b.json,31,31,0,0,0
9ff0260d-00000000.jpg,all,val,images/9ff0260d-00000000.jpg,labels/9ff0260d-00000000.json,55,54,1,0,0
a02501c6-e1ed5f44.jpg,all,val,images/a02501c6-e1ed5f44.jpg,labels/a02501c6-e1ed5f44.json,10,10,0,0,0
a13917ac-00000000.jpg,all,val,images/a13917ac-00000000.jpg,labels/a13917ac-00000000.json,13,11,2,0,0
a176a4bf-47e0e048.jpg,all,val,images/a176a4bf-47e0e048.jpg,labels/a176a4bf-47e0e048.json,18,16,2,0,0
a293d57a-00000000.jpg,all,val,images/a293d57a-00000000.jpg,labels/a293d57a-00000000.json,6,6,0,0,0
a2ae40f3-00000000.jpg,all,val,images/a2ae40f3-00000000.jpg,labels/a2ae40f3-00000000.json,20,17,3,0,0
a4215cd6-00000000.jpg,all,val,images/a4215cd6-00000000.jpg,labels/a4215cd6-00000000.json,12,11,0,1,0
a62fe707-b67e997c.jpg,all,val,images/a62fe707-b67e997c.jpg,labels/a62fe707-b67e997c.json,7,6,1,0,0
a6c8dc2c-e080bb09.jpg,all,val,images/a6c8dc2c-e080bb09.jpg,labels/a6c8dc2c-e080bb09.json,3,3,0,0,0
a70efb84-00000000.jpg,all,val,images/a70efb84-00000000.jpg,labels/a70efb84-00000000.json,12,11,1,0,0
a82d241b-00000000.jpg,all,val,images/a82d241b-00000000.jpg,labels/a82d241b-00000000.json,15,13,2,0,0
a88ea61d-40a5202c.jpg,all,val,images/a88ea61d-40a5202c.jpg,labels/a88ea61d-40a5202c.json,18,15,2,1,0
a91b7555-00000045.jpg,all,val,images/a91b7555-00000045.jpg,labels/a91b7555-00000045.json,12,11,0,0,1
a91b7555-00000100.jpg,all,val,images/a91b7555-00000100.jpg,labels/a91b7555-00000100.json,16,16,0,0,0
a91b7555-00000145.jpg,all,val,images/a91b7555-00000145.jpg,labels/a91b7555-00000145.json,23,23,0,0,0
a91b7555-00000155.jpg,all,val,images/a91b7555-00000155.jpg,labels/a91b7555-00000155.json,8,7,1,0,0
a91b7555-00000185.jpg,all,val,images/a91b7555-00000185.jpg,labels/a91b7555-00000185.json,6,6,0,0,0
a91b7555-00000325.jpg,all,val,images/a91b7555-00000325.jpg,labels/a91b7555-00000325.json,15,14,0,0,1
a91b7555-00000360.jpg,all,val,images/a91b7555-00000360.jpg,labels/a91b7555-00000360.json,26,25,1,0,0
a91b7555-00000440.jpg,all,val,images/a91b7555-00000440.jpg,labels/a91b7555-00000440.json,13,13,0,0,0
a91b7555-00000480.jpg,all,val,images/a91b7555-00000480.jpg,labels/a91b7555-00000480.json,24,23,1,0,0
a91b7555-00000520.jpg,all,val,images/a91b7555-00000520.jpg,labels/a91b7555-00000520.json,35,34,0,1,0
a91b7555-00000535.jpg,all,val,images/a91b7555-00000535.jpg,labels/a91b7555-00000535.json,8,8,0,0,0
a91b7555-00000565.jpg,all,val,images/a91b7555-00000565.jpg,labels/a91b7555-00000565.json,12,10,2,0,0
a91b7555-00000595.jpg,all,val,images/a91b7555-00000595.jpg,labels/a91b7555-00000595.json,20,20,0,0,0
a91b7555-00000960.jpg,all,val,images/a91b7555-00000960.jpg,labels/a91b7555-00000960.json,21,21,0,0,0
a91b7555-00000975.jpg,all,val,images/a91b7555-00000975.jpg,labels/a91b7555-00000975.json,31,28,3,0,0
a91b7555-00001055.jpg,all,val,images/a91b7555-00001055.jpg,labels/a91b7555-00001055.json,14,14,0,0,0
a91b7555-00001210.jpg,all,val,images/a91b7555-00001210.jpg,labels/a91b7555-00001210.json,8,8,0,0,0
a91b7555-00001230.jpg,all,val,images/a91b7555-00001230.jpg,labels/a91b7555-00001230.json,11,11,0,0,0
a91b7555-00001245.jpg,all,val,images/a91b7555-00001245.jpg,labels/a91b7555-00001245.json,8,7,1,0,0
ab47def6-07604ba6.jpg,all,val,images/ab47def6-07604ba6.jpg,labels/ab47def6-07604ba6.json,8,7,1,0,0
abc6b442-311adbdf.jpg,all,val,images/abc6b442-311adbdf.jpg,labels/abc6b442-311adbdf.json,3,2,1,0,0
